specobjid,plate,mjd,petroFlux_z,petroFlux_i,petroFlux_r,run,petroFlux_g,petroR50_z,petroR50_u,fiberid,class
1.41e+19,12525,58932,15.04326,16.00107,14.00038,756,14.41659,0.5493365,0.7389101,327,QSO
1.41e+19,12533,58931,334.971,296.7811,211.9246,756,125.9279,2.683143,2.73125,796,GALAXY
1.41e+19,12533,58931,117.6624,112.2206,100.8012,756,73.19593,0.5794218,0.7325906,732,STAR
1.41e+19,12533,58931,82.33119,93.81571,64.20922,756,50.99516,0.6437147,0.7376041,738,QSO
1.41e+19,12545,58930,171.4881,153.4475,97.35838,1239,54.10723,1.310326,1.045625,541,QSO
1.41e+19,12531,58932,121.8971,111.95,97.97795,2126,60.95584,0.7575415,0.9914765,507,STAR
1.41e+19,12547,58928,21.16421,27.1584,22.52066,1239,22.16012,0.7339846,0.7228924,403,QSO
1.41e+19,12545,58930,212.9382,191.4425,155.3361,756,93.11307,0.7536355,1.10329,119,STAR
1.41e+19,12525,58932,37.31271,28.5564,27.66552,1239,22.61291,0.7970978,0.7534856,723,QSO
1.41e+19,12531,58932,133.8973,130.4073,117.7491,756,89.31693,0.7469492,0.7457124,3,STAR
1.41e+19,12545,58930,36.92923,39.75616,42.23515,756,34.12517,0.7008525,0.964958,60,QSO
1.41e+19,12545,58930,89.48972,54.92069,52.37239,756,41.47869,0.8216169,0.8349962,966,QSO
1.41e+19,12545,58930,20.7739,17.46009,16.54889,756,17.54572,0.7130616,0.8754591,962,QSO
1.41e+19,12531,58932,1840.034,1461.31,1064.155,1907,525.7901,2.773507,4.468599,654,STAR
1.41e+19,12531,58932,79.50198,82.03851,72.69888,1907,54.0825,0.6842635,0.7279899,939,STAR
1.41e+19,12545,58930,36.34136,44.25536,43.64886,756,35.15053,0.6134763,0.9364137,518,QSO
1.41e+19,12545,58930,40.96643,61.43764,86.26826,1239,138.6259,0.7028637,0.7766764,509,STAR
1.41e+19,12547,58928,1286.145,979.0057,643.5472,1462,265.0218,4.019602,6.640013,243,GALAXY
1.41e+19,12547,58928,75.0402,77.79546,62.63155,1907,60.96029,0.792015,0.8954189,99,QSO
1.41e+19,12533,58931,762.9356,617.6171,389.7673,756,167.8916,2.19002,3.804557,573,GALAXY
1.41e+19,12531,58932,29.84032,25.43554,19.37462,1907,17.95688,0.706061,0.7702985,656,QSO
1.41e+19,12527,58930,23.37674,29.3369,29.80573,1907,25.60103,0.6688048,0.8355398,518,QSO
1.41e+19,12531,58932,241.8673,232.891,207.2019,2125,149.7334,0.7173089,0.8915301,959,STAR
1.41e+19,12531,58932,118.4626,118.4384,110.7903,756,90.88055,0.616629,0.6626138,210,STAR
1.41e+19,12544,58928,29.12289,30.62036,25.4411,1462,22.9051,0.6152939,0.7499648,67,QSO
1.41e+19,12531,58932,44.68533,41.38257,31.50777,756,18.06881,1.203603,0.7486503,26,QSO
1.41e+19,12527,58930,29.94186,29.90092,31.5322,756,25.6142,0.7497355,0.7424327,176,QSO
1.41e+19,12525,58932,14.32126,20.99537,27.22527,1239,37.70054,0.6507765,0.8621832,323,STAR
1.41e+19,12545,58930,78.8702,75.44653,68.43239,1239,54.0624,0.7825378,0.7532647,588,STAR
1.41e+19,12547,58928,289.1486,285.0988,258.1886,1239,209.2011,0.7863184,0.7019494,56,STAR
1.41e+19,12547,58928,68.82533,67.82564,61.15411,2126,45.40313,0.6976278,0.7929635,760,STAR
1.41e+19,12533,58931,247.3168,245.7508,222.7987,756,169.9243,0.641395,0.7359972,527,STAR
1.41e+19,12527,58930,12.73843,16.49607,18.31161,756,20.3351,0.6301754,0.6972023,60,STAR
1.41e+19,12531,58932,69.21329,65.61143,60.02527,756,43.54414,0.7283143,0.6953239,480,STAR
1.41e+19,12533,58931,801.3185,557.6196,378.0439,1239,151.3678,2.898962,3.216667,238,GALAXY
1.41e+19,12525,58932,28.51657,27.96251,28.17968,1239,21.32984,0.7569162,0.8106436,454,QSO
1.41e+19,12525,58932,16.52157,18.19404,17.95715,756,13.94703,0.5847589,0.6521927,821,QSO
1.41e+19,12547,58928,27.02358,23.16517,24.91306,756,20.80898,0.8854297,0.7767331,483,QSO
1.41e+19,12531,58932,219.0837,208.1236,180.8271,1462,130.4985,0.6149544,0.6881756,71,STAR
1.41e+19,12547,58928,22.73414,29.17902,24.80784,1907,24.43332,0.5658394,0.8650647,184,QSO
1.41e+19,12545,58930,89.68112,87.73647,80.83285,756,64.87581,0.8146452,0.9287154,495,STAR
1.41e+19,12545,58930,112.249,113.281,103.7875,1239,79.94181,0.7137624,0.8207944,418,STAR
1.41e+19,12531,58932,300.2431,297.1805,271.9488,756,205.1538,0.6282848,0.6568352,451,STAR
1.41e+19,12525,58932,45.50772,60.12174,77.593,756,98.93616,0.5433407,0.6468537,528,STAR
1.41e+19,12527,58930,22.71019,22.55058,20.73511,1897,16.77366,0.7121529,0.6372326,475,QSO
1.41e+19,12527,58930,151.8952,128.1133,91.59949,1897,52.54129,0.9689118,0.8986096,539,GALAXY
1.41e+19,12527,58930,32.39441,31.6749,31.3387,756,26.09286,0.7886589,0.6758527,205,QSO
1.41e+19,12525,58932,18.96743,18.47694,18.4932,1239,13.67683,0.6894619,0.7406132,438,GALAXY
1.41e+19,12533,58931,218.9536,215.9063,195.037,1239,150.1768,0.655828,0.7889056,75,STAR
1.41e+19,12547,58928,188.6521,176.0932,116.6784,2126,59.32193,1.556515,1.319189,529,QSO
1.41e+19,12544,58928,237.1774,226.5828,204.7859,2126,154.1175,0.6742163,0.7892749,526,STAR
1.41e+19,12531,58932,418.8719,402.4349,349.2226,1907,248.66,0.7066156,0.7835506,65,STAR
1.41e+19,12525,58932,58.30383,41.46998,35.50497,1239,28.62633,0.8432617,0.9361043,334,QSO
1.41e+19,12544,58928,25.76408,21.2713,21.76436,1462,20.2008,0.6711455,0.7951683,42,QSO
1.41e+19,12527,58930,49.72801,45.34141,47.76669,1897,44.86082,0.5993033,0.701745,561,QSO
1.41e+19,12527,58930,187.6461,200.8598,236.5907,1897,128.67,1.872014,3.105083,558,GALAXY
1.41e+19,12531,58932,90.34074,85.41952,60.47562,2126,57.96209,0.8236477,0.9799949,973,QSO
1.41e+19,12547,58928,69.96975,65.18858,60.02524,756,45.06279,0.7440681,0.8298939,482,STAR
1.41e+19,12544,58928,89.48871,89.16521,83.34772,756,67.30911,0.8054277,0.8332571,46,STAR
1.41e+19,12527,58930,1335.411,1277.517,899.3359,1462,472.1244,4.856308,3.995612,12,GALAXY
1.41e+19,12527,58930,235.2905,230.916,205.5286,756,152.9886,0.5697467,0.7173052,86,STAR
1.41e+19,12545,58930,121.362,72.29046,64.2063,1241,47.87069,0.8875113,0.7617516,284,QSO
1.41e+19,12545,58930,91.85506,91.22084,80.56081,1241,59.16501,0.5911819,0.6751978,207,STAR
1.41e+19,12545,58930,129.9898,108.4774,87.41749,1239,56.20189,2.526127,2.29919,20,GALAXY
1.41e+19,12525,58932,67.60134,67.51602,60.57621,756,46.32225,0.6082779,0.6529925,864,STAR
1.41e+19,12525,58932,235.5712,232.4201,201.6387,1239,122.9507,0.7214485,0.8149927,355,STAR
1.41e+19,12525,58932,254.7339,257.7827,238.3939,1239,182.5442,0.7375938,0.8207842,357,STAR
1.41e+19,12525,58932,80.27077,77.61292,69.21394,756,53.48742,0.6454139,0.6964187,467,STAR
1.41e+19,12525,58932,97.23122,98.62508,87.99346,756,65.52586,0.6210996,0.7291312,36,STAR
1.41e+19,12547,58928,25.62052,26.77172,25.20371,1462,22.05389,0.7072437,0.817623,166,QSO
1.41e+19,12527,58930,78.88757,73.80334,68.84746,2125,52.17043,0.7848231,0.9096645,954,STAR
1.41e+19,12545,58930,77.54739,75.15614,69.75663,1239,55.84203,0.5945902,0.7035935,974,STAR
1.41e+19,12545,58930,30.42816,30.57703,26.46973,1239,23.4582,0.622871,0.7481658,996,QSO
1.41e+19,12525,58932,48.46077,29.12278,23.03638,756,15.663,0.7969946,0.6458749,942,QSO
1.41e+19,12525,58932,76.64936,58.75848,51.38752,1239,47.27596,0.7506971,0.747701,24,QSO
1.41e+19,12544,58928,210.8005,204.2056,184.4623,1907,136.3331,0.7299429,0.9526191,498,STAR
1.41e+19,12531,58932,23.83299,19.66498,15.85776,1907,14.84864,0.6749898,0.7609797,400,QSO
1.41e+19,12544,58928,38.13165,39.02345,39.60698,2125,37.61904,0.6510387,0.8665707,762,QSO
1.41e+19,12525,58932,129.114,123.9279,110.6208,1239,82.02096,0.6113544,0.6959621,978,STAR
1.41e+19,12527,58930,39.6527,43.10275,33.89511,1907,33.77106,0.775341,0.818161,510,QSO
1.41e+19,12545,58930,16.2267,15.61927,17.15131,756,14.63092,0.8134089,1.050983,317,QSO
1.41e+19,12533,58931,78.15527,76.6925,68.15275,1239,50.81931,0.6039204,0.678173,657,STAR
1.41e+19,12545,58930,170.5421,171.898,155.0919,756,121.5024,0.7311431,0.8578074,998,STAR
1.41e+19,12545,58930,105.239,102.1,110.503,1462,92.39152,0.6434228,0.8149265,674,STAR
1.41e+19,12545,58930,143.3969,134.5944,117.485,1462,74.53498,0.6400715,0.8786657,903,STAR
1.41e+19,12527,58930,251.3378,223.7157,177.4609,756,99.14811,0.5633505,0.6037322,404,STAR
1.41e+19,12545,58930,495.2795,369.8275,240.4454,1239,110.3652,1.629995,2.462685,831,GALAXY
1.41e+19,12545,58930,66.20419,50.36733,40.3289,756,25.51941,0.9376723,1.040316,611,QSO
1.41e+19,12525,58932,25.26099,30.00676,27.14109,1239,22.05698,0.6152912,0.7609236,39,QSO
1.41e+19,12544,58928,82.89979,81.04115,74.7961,756,57.19036,0.6358473,0.7067978,442,STAR
1.41e+19,12527,58930,42.29167,33.58714,28.96204,1897,23.4139,0.5467715,0.6677635,302,QSO
1.41e+19,12545,58930,71.50136,69.45963,62.75402,1239,48.91201,0.6727128,0.7669371,98,STAR
1.41e+19,12545,58930,177.7497,175.9072,158.1179,1239,124.7317,0.7130561,0.8176745,331,STAR
1.41e+19,12525,58932,97.67673,97.43616,88.93575,1239,69.43631,0.7035786,0.9534345,206,STAR
1.41e+19,12545,58930,17.69532,21.06269,17.41217,1239,18.25871,0.6380926,0.8805668,351,QSO
1.41e+19,12527,58930,34.09267,27.3111,25.65449,1239,20.96824,0.9668331,0.7698587,121,QSO
1.41e+19,12527,58930,19.28231,15.10706,15.83809,1239,13.78532,1.112135,0.7725325,95,QSO
1.41e+19,12527,58930,210.3247,209.0498,121.9638,1239,60.84627,1.437941,1.329842,91,GALAXY
1.41e+19,12525,58932,16.11471,18.29567,23.1195,756,26.6274,0.6612645,0.7353671,336,STAR
1.41e+19,12527,58930,74.38883,72.48546,64.43887,1239,49.82962,0.7921038,0.6729125,47,STAR
1.41e+19,12527,58930,13.82168,15.72017,18.93101,1239,22.35774,0.7315871,0.7843376,244,STAR
1.41e+19,12545,58930,162.7231,158.3008,139.1863,1239,98.70239,0.6235532,0.7527306,500,STAR
1.41e+19,12545,58930,2446.29,1817.337,1199.333,1239,522.8173,4.437763,5.791967,578,GALAXY
1.41e+19,12545,58930,32.70197,31.03355,26.87024,1239,25.51695,0.6764643,0.768954,320,QSO
1.41e+19,12531,58932,26.48599,3.53e-05,2.5e-05,2126,18.57939,1.227849,0.8855551,866,QSO
1.41e+19,12533,58931,75.0807,70.48813,63.2332,756,49.02923,0.6191936,0.6414057,761,STAR
1.41e+19,12527,58930,31.6138,38.10843,37.04763,2125,32.78328,0.7140511,0.8510597,905,QSO
1.41e+19,12544,58928,48.04718,35.77673,35.68171,1462,31.87882,0.671904,0.727277,533,QSO
1.41e+19,12531,58932,26.916,27.00284,26.29387,1462,19.80427,0.5656493,0.7325402,110,QSO
1.41e+19,12544,58928,183.144,179.5308,159.9948,2126,124.4529,0.6741331,0.7841814,542,STAR
1.41e+19,12544,58928,23.80243,25.71294,15.97404,2126,14.08171,0.6502327,0.8627885,622,QSO
1.41e+19,12533,58931,61.75319,55.33466,39.69048,1239,23.97681,0.8604316,0.7956743,972,QSO
1.41e+19,12531,58932,97.61108,90.93674,84.92535,1907,65.00079,0.6443675,0.7658101,1000,STAR
1.41e+19,12545,58930,142.6028,100.2008,91.38181,1241,63.69203,0.6407768,0.6990508,205,QSO
1.41e+19,12545,58930,372.1441,291.8121,198.8091,1241,96.84428,1.710175,1.355792,214,QSO
1.41e+19,12547,58928,72.21236,71.33671,63.15863,1462,47.49895,0.6100793,0.8119497,50,STAR
1.41e+19,12525,58932,168.1601,147.769,93.95923,1239,41.91135,1.573824,0.8772659,651,QSO
1.41e+19,12525,58932,29.57747,27.98868,22.84719,1239,21.14734,0.6797723,0.7875455,657,QSO
1.41e+19,12531,58932,118.4818,141.4774,111.2638,1907,63.98387,0.7575361,0.840471,558,STAR
1.41e+19,12531,58932,71.87548,67.46282,62.31918,1907,45.54612,0.6917812,0.7818339,552,STAR
1.41e+19,12527,58930,389.9559,374.6603,336.1779,1907,232.2587,0.7129928,0.7623006,978,STAR
1.41e+19,12525,58932,269.8132,263.3961,242.4146,1239,187.0482,0.6736436,0.777128,656,STAR
1.41e+19,12545,58930,39.29619,34.41777,29.4453,756,30.82016,0.8710502,0.9671174,837,QSO
1.41e+19,12527,58930,59.96697,46.64806,38.51992,1907,25.93079,1.036147,1.106488,130,QSO
1.41e+19,12527,58930,121.1916,130.1621,117.8292,1907,89.41735,0.7974097,0.8050244,96,STAR
1.41e+19,12527,58930,1779.05,1421.683,1069.362,1907,618.985,2.207831,2.43851,260,GALAXY
1.41e+19,12527,58930,81.46156,73.20477,65.84577,1239,50.41975,0.7831154,0.7059346,45,STAR
1.41e+19,12527,58930,97.19328,93.06344,85.78352,1239,81.26553,0.7884219,0.698265,52,QSO
1.41e+19,12544,58928,26.85318,29.92885,26.8792,756,26.65899,0.6498388,0.8952228,161,QSO
1.41e+19,12547,58928,177.489,166.3698,148.2936,1462,103.1955,0.6394626,0.7375742,146,STAR
1.41e+19,12547,58928,15.29476,20.43667,25.67741,1462,29.95958,0.5781506,0.7541596,76,QSO
1.41e+19,12533,58931,27.67067,24.32958,18.44088,1239,17.40043,0.6514317,0.6821023,741,QSO
1.41e+19,12533,58931,78.38902,76.62233,69.73859,1239,52.96667,0.6387939,0.7021909,772,STAR
1.41e+19,12527,58930,75.52335,73.25533,67.95285,2125,50.7905,0.7088625,0.8781013,964,STAR
1.41e+19,12527,58930,24.42419,28.2872,22.86889,1907,21.2039,0.6703044,0.8339778,292,QSO
1.41e+19,12545,58930,137.3982,130.2508,101.1782,756,65.21268,1.620894,1.587042,4,GALAXY
1.41e+19,12544,58928,21.06416,20.12044,19.66287,2126,16.89787,0.7514117,0.7521178,565,QSO
1.41e+19,12545,58930,99.56895,95.89627,85.34712,1241,64.28174,0.5974428,0.7090954,401,STAR
1.41e+19,12527,58930,180.2264,170.2463,146.785,756,102.7292,0.5555363,0.6803966,287,STAR
1.41e+19,12527,58930,69.57552,68.90519,61.08382,1897,46.17148,0.5398984,0.7018384,373,STAR
1.41e+19,12527,58930,135.6667,132.0639,117.5202,1897,86.28553,0.5498194,0.6197107,253,STAR
1.41e+19,12533,58931,700.2697,615.4217,389.7369,1239,212.0233,2.474085,2.187866,684,QSO
1.41e+19,12545,58930,630.4023,470.7378,306.2429,756,129.9194,1.962241,2.438854,507,GALAXY
1.41e+19,12545,58930,31.65411,25.01995,28.16205,756,22.40578,0.7864535,0.8385318,525,QSO
1.41e+19,12545,58930,53.37326,39.9729,39.48628,756,38.51151,0.8109573,0.9437121,718,QSO
1.41e+19,12545,58930,101.4514,84.99428,91.18328,756,86.09485,0.8601378,0.9872782,715,QSO
1.41e+19,12525,58932,67.77505,67.17659,62.5071,1239,45.8624,0.6548579,0.8263549,695,STAR
1.41e+19,12533,58931,81.97533,73.11439,50.6136,1239,26.88866,1.034801,0.9209784,440,GALAXY
1.41e+19,12533,58931,82.25992,65.0834,45.17287,1239,22.87289,1.085238,0.8495594,639,QSO
1.41e+19,12525,58932,49.27647,30.21444,27.89512,1239,19.77457,0.6796243,0.7223607,519,QSO
1.41e+19,12545,58930,292.6651,264.9354,187.1653,756,115.2119,1.579475,1.771527,346,GALAXY
1.41e+19,12533,58931,20.51399,21.37291,17.96003,1239,17.95196,0.5572856,0.7390808,830,QSO
1.41e+19,12533,58931,22.98325,24.71147,22.49272,2188,18.93461,0.8328693,0.9892049,48,QSO
1.41e+19,12525,58932,114.382,92.75861,68.32962,2188,43.38253,1.421107,1.170015,308,QSO
1.41e+19,12545,58930,384.1364,383.0671,335.3372,2188,238.4522,0.8617731,1.005737,493,STAR
1.41e+19,12545,58930,112.3543,104.3259,94.37254,2188,74.03521,0.8746504,1.149727,127,STAR
1.41e+19,12527,58930,35.02108,34.16905,27.92545,1907,23.46597,0.7413024,0.9329103,870,QSO
1.41e+19,12527,58930,23.04238,23.83802,21.30024,1907,16.80582,0.6308691,0.9017997,845,QSO
1.41e+19,12527,58930,115.3593,89.9422,63.96614,2125,45.11079,0.7212044,0.8630846,972,STAR
1.41e+19,12531,58932,29.21443,25.45611,21.14153,2125,20.26031,0.6162754,0.8866842,662,QSO
1.41e+19,12527,58930,24.73264,22.77745,19.56315,1239,19.88728,0.7939244,0.8386839,214,QSO
1.41e+19,12547,58928,172.0065,164.368,141.1348,2126,95.53133,0.7514175,0.8502764,948,STAR
1.41e+19,12545,58930,21.88618,25.89338,22.91613,756,21.76447,0.7184702,0.9277109,21,QSO
1.41e+19,12531,58932,29.23416,29.66121,27.81226,2125,26.4016,0.7006164,0.7642319,865,QSO
1.41e+19,12527,58930,71.75105,66.20242,70.73836,1907,62.52288,0.8033254,0.8465982,567,QSO
1.41e+19,12527,58930,20.0901,22.00938,22.87926,1907,20.24197,0.6981819,0.8468478,569,QSO
1.41e+19,12531,58932,100.0489,99.29337,88.59617,1462,65.31051,0.5772912,0.6853903,18,STAR
1.41e+19,12527,58930,65.21829,34.66092,28.08931,2125,21.20515,1.082269,0.9087653,939,QSO
1.41e+19,12527,58930,24.31952,24.58529,21.18456,2125,19.67551,0.7296063,0.8577108,918,QSO
1.41e+19,12533,58931,149.914,151.3816,137.9378,1239,109.0321,0.5974598,0.69159,590,STAR
1.41e+19,12533,58931,25.30802,25.26016,24.33369,1239,20.46083,0.645774,0.6707714,625,QSO
1.41e+19,12533,58931,291.5316,232.3914,195.9005,1239,148.242,0.5799938,0.6760591,661,QSO
1.41e+19,12545,58930,30.96754,30.71801,25.58968,1241,23.60973,0.6439852,0.6898737,256,QSO
1.41e+19,12525,58932,59.67666,56.30591,52.20261,756,38.63118,0.5648589,0.7591646,769,STAR
1.41e+19,12525,58932,257.5272,255.2986,230.1486,756,179.9328,0.5472638,0.6684834,965,STAR
1.41e+19,12525,58932,32.46994,27.66668,22.94633,756,21.9329,0.6255883,0.6710497,972,QSO
1.41e+19,12525,58932,35.35491,32.0393,33.31933,756,26.93227,0.5184249,0.7529025,980,QSO
1.41e+19,12525,58932,78.83081,77.50034,71.92053,756,56.70724,0.566753,0.6783133,529,STAR
1.41e+19,12531,58932,196.4322,190.8372,168.1241,2126,123.1306,0.791215,0.9743831,634,STAR
1.41e+19,12544,58928,150.2911,152.7375,139.7229,756,105.1772,0.6977164,0.8048244,131,STAR
1.41e+19,12533,58931,415.2321,315.0594,217.3542,756,98.51875,0.9725311,1.219645,653,GALAXY
1.41e+19,12533,58931,33.2966,29.40033,23.53541,756,22.64495,0.6310581,0.6723899,671,QSO
1.41e+19,12533,58931,33.02573,34.96182,27.18945,756,20.94644,0.4869102,0.6801448,778,QSO
1.41e+19,12545,58930,31.68105,29.66151,27.00558,756,20.27063,0.9286447,1.03274,268,QSO
1.41e+19,12531,58932,58.69547,43.23007,35.26019,1462,32.96917,1.241718,0.8294153,109,QSO
1.41e+19,12531,58932,27.90651,25.36122,26.9057,2126,23.31342,0.9211764,1.154251,503,QSO
1.41e+19,12545,58930,86.88181,82.67606,74.61144,1239,56.30238,0.6585027,0.6857787,952,STAR
1.41e+19,12544,58928,82.33001,83.29491,75.75304,2125,57.87882,0.6336071,0.8037617,660,STAR
1.41e+19,12545,58930,93.58905,88.50247,78.36111,756,55.23499,0.7522192,0.8903748,494,STAR
1.41e+19,12531,58932,102.7222,90.14448,85.1836,1907,81.52309,0.5851767,0.7832836,144,QSO
1.41e+19,12527,58930,1114.669,863.4615,575.8638,1239,239.3784,2.442218,2.844476,57,GALAXY
1.41e+19,12525,58932,18.33982,18.67011,19.51178,756,17.82911,0.695187,0.7327758,577,QSO
1.41e+19,12545,58930,30.68587,22.35475,22.94305,1239,19.84952,0.6802905,0.8094124,305,QSO
1.41e+19,12545,58930,41.48958,37.19968,41.16794,756,43.1772,0.8052937,0.9902722,49,STAR
1.41e+19,12527,58930,136.62,130.6726,119.4687,2125,92.60483,0.795057,0.8845059,663,STAR
1.41e+19,12527,58930,39.17239,37.20462,27.86944,1907,21.36423,0.7405748,0.8736572,472,QSO
1.41e+19,12531,58932,83.68282,86.09322,77.65995,1907,58.48511,0.5873511,0.8445632,148,STAR
1.41e+19,12527,58930,38.30507,32.68718,25.34089,1907,25.0051,0.7808126,0.7666517,987,QSO
1.41e+19,12531,58932,43.30259,44.38877,41.10846,1907,31.16773,0.8704641,0.8210018,535,QSO
1.41e+19,12527,58930,266.1466,252.4792,222.4379,1907,162.3274,0.6539615,0.8167158,3,STAR
1.41e+19,12525,58932,65.74694,85.25155,116.5955,756,175.8902,0.5704455,0.7153337,733,STAR
1.41e+19,12545,58930,22.17041,18.89311,17.26198,756,15.63777,0.8804882,0.823527,601,QSO
1.41e+19,12545,58930,13.98693,21.02169,20.6943,756,16.65132,0.6327637,0.943466,648,QSO
1.41e+19,12531,58932,77.4649,74.80984,65.65483,1907,45.76537,0.8245136,0.812184,720,STAR
1.41e+19,12531,58932,95.56261,82.47352,64.37036,1907,34.12854,0.7484369,0.8809215,758,STAR
1.41e+19,12531,58932,11.37486,13.19726,17.11558,1907,20.02231,0.6844302,0.6986955,847,STAR
1.41e+19,12525,58932,84.27663,71.60253,69.96587,756,62.91482,0.6693819,0.7559528,405,QSO
1.41e+19,12545,58930,51.25569,56.62051,57.45294,756,49.98729,0.6750178,0.982498,911,QSO
1.41e+19,12547,58928,142.9009,136.7486,124.0319,1239,92.17966,0.7247441,0.6832805,124,STAR
1.41e+19,12547,58928,202.7781,195.8255,174.6617,1239,126.0865,0.7104203,0.7340025,162,STAR
1.41e+19,12545,58930,91.31941,97.74017,92.55335,1239,69.6179,0.6904064,0.7351631,825,QSO
1.41e+19,12545,58930,24.62877,27.54015,22.83181,1239,23.30127,0.7014005,0.7542095,787,QSO
1.41e+19,12531,58932,71.46933,99.08047,55.41898,2126,57.67479,1.109546,1.131297,592,GALAXY
1.41e+19,12527,58930,165.9116,157.3819,140.8957,1907,101.7542,0.760184,0.8183199,265,STAR
1.41e+19,12527,58930,69.88595,69.70531,53.07544,1907,48.01128,0.7284267,0.8368148,232,GALAXY
1.41e+19,12527,58930,70.6603,63.82892,52.86552,1907,61.09573,0.86554,0.8141288,39,QSO
1.41e+19,12544,58928,35.04906,39.23089,35.7854,2125,27.01954,0.61277,0.7756765,605,QSO
1.41e+19,12527,58930,24.74462,23.70193,23.27115,1907,13.86498,0.7616819,0.8472466,481,QSO
1.41e+19,12527,58930,56.8284,74.85928,102.2491,1907,151.3479,0.7511572,0.8213406,462,STAR
1.41e+19,12544,58928,195.629,198.2884,180.5246,1907,133.4218,0.8472333,0.8720132,532,STAR
1.41e+19,12531,58932,72.0045,74.27705,68.03609,1907,51.99504,0.6106948,0.7997027,997,STAR
1.41e+19,12545,58930,225.6503,219.3428,200.063,1239,161.3402,0.6099491,0.7527054,700,STAR
1.41e+19,12525,58932,112.8042,145.617,195.6254,756,294.7654,0.6229492,0.6553952,666,STAR
1.41e+19,12527,58930,26.06235,27.00387,24.68829,2125,23.73729,0.929093,0.8567123,676,QSO
1.41e+19,12527,58930,76.57722,69.64373,61.97002,2125,44.5916,0.7683084,0.9148009,668,STAR
1.41e+19,12525,58932,38.41952,25.97795,23.04532,1239,26.86602,0.711058,0.733121,921,QSO
1.41e+19,12545,58930,163.7053,164.404,145.6707,1239,106.5187,0.7642519,0.7687469,552,STAR
1.41e+19,12545,58930,131.4222,127.2934,114.0588,1239,83.44477,0.7713464,0.7283915,549,STAR
1.41e+19,12547,58928,95.33092,83.57807,78.45737,1907,57.64249,0.7491995,0.7641662,14,STAR
1.41e+19,12545,58930,57.65696,51.95807,45.7985,1239,41.05604,0.788487,0.8094082,136,GALAXY
1.41e+19,12527,58930,57.96954,62.98708,60.14482,1907,52.242,0.7663696,0.8249919,507,QSO
1.41e+19,12527,58930,47.15363,41.84439,33.75641,1907,29.27623,0.8096948,0.8620323,601,QSO
1.41e+19,12527,58930,52.82057,47.15257,52.52674,1907,48.49972,0.7590424,0.8353627,655,QSO
1.41e+19,12527,58930,31.2455,26.92534,20.56614,1907,20.40399,1.058937,0.864795,646,QSO
1.41e+19,12527,58930,36.63074,34.62476,26.41445,2125,24.87859,0.7724888,0.8846516,946,QSO
1.41e+19,12527,58930,126.4285,118.3157,108.7016,2126,83.42315,0.8013023,0.9888692,632,STAR
1.41e+19,12527,58930,68.35267,61.05574,54.09618,2126,48.32627,0.7391772,0.9575077,629,QSO
1.41e+19,12527,58930,408.7745,194.8058,73.14077,2126,47.7832,0.7117128,0.9221256,874,STAR
1.41e+19,12527,58930,1373.696,1013.401,677.1124,2126,299.831,2.804705,3.403065,915,GALAXY
1.41e+19,12531,58932,78.12309,75.72133,68.77641,756,52.32765,0.5356612,0.6831006,168,STAR
1.41e+19,12533,58931,86.10629,79.3307,69.11104,756,51.68631,0.6183316,0.6837152,643,STAR
1.41e+19,12527,58930,45.96813,35.21308,31.89128,1897,24.61672,0.5953133,0.6858026,493,QSO
1.41e+19,12545,58930,30.31895,28.62507,31.57032,1239,27.48363,0.7269933,0.8086523,551,QSO
1.41e+19,12545,58930,24.38202,21.19754,16.10787,1239,14.93001,0.8310935,0.7503737,555,QSO
1.41e+19,12525,58932,16.79514,19.31121,12.7664,756,14.62694,0.5211701,0.6895136,914,QSO
1.41e+19,12544,58928,23.79866,24.81865,20.65916,2126,19.73084,0.6902686,0.7764958,664,QSO
1.41e+19,12547,58928,105.6463,102.8919,91.00386,2126,63.98501,0.6747832,0.8845546,516,STAR
1.41e+19,12544,58928,222.6494,198.3355,144.1659,2126,84.60554,1.880394,1.283931,948,QSO
1.31e+19,11654,58543,170.2878,163.4182,146.8291,1345,111.0725,0.5597,0.6450108,96,STAR
1.31e+19,11654,58543,81.92593,75.2588,64.41982,1345,43.51033,0.6067457,0.6787236,86,STAR
1.25e+19,11068,58488,302.7124,289.4349,257.5518,1035,186.8039,0.5996863,0.7283015,231,STAR
1.25e+19,11060,58523,126.5214,116.2519,100.1088,1904,68.45745,0.5993504,0.800262,368,STAR
1.25e+19,11060,58523,197.9839,186.7569,158.7083,1904,108.1175,0.6243955,0.7767749,182,STAR
1.25e+19,11060,58523,231.374,226.9592,202.0031,1904,151.4642,0.6234646,0.7684929,220,STAR
1.25e+19,11068,58488,97.80398,96.05701,85.42995,1904,63.91398,0.6242918,0.6710258,589,STAR
1.25e+19,11078,58437,215.665,203.0274,175.8813,1035,126.4217,0.737474,0.8140419,39,STAR
1.25e+19,11078,58437,150.7189,142.2462,121.8271,1035,82.806,0.7645102,0.8027379,897,STAR
1.25e+19,11086,58401,347.7393,336.0649,294.1979,2131,215.8912,0.647237,0.7021936,632,STAR
1.25e+19,11078,58437,89.66709,84.90093,77.72195,1035,62.20328,0.7421577,0.8239303,528,STAR
1.25e+19,11068,58488,348.0766,339.2702,301.8893,1035,224.4544,0.6925597,0.7971057,249,STAR
1.25e+19,11078,58437,127.1139,125.1179,108.407,1904,80.18781,0.6276288,0.7753226,984,STAR
1.25e+19,11078,58437,26.86916,29.39079,30.58774,1904,24.42292,0.6772639,0.781759,948,QSO
1.25e+19,11059,58515,51.42887,63.90946,69.61341,1035,72.3253,0.6736234,0.7584221,326,STAR
1.25e+19,11059,58515,271.0959,283.759,142.0522,1035,82.54366,1.016487,0.8436995,441,QSO
1.25e+19,11068,58488,121.0442,116.4256,103.1578,1035,74.39474,0.6923029,0.7643487,703,STAR
1.25e+19,11068,58488,27.49944,26.17045,18.11525,1035,16.59092,0.6489132,0.7094666,669,QSO
1.25e+19,11067,58507,28.61506,25.79866,20.96857,1035,20.65334,0.7661821,0.7480319,375,QSO
1.25e+19,11068,58488,151.6498,147.4818,132.052,1904,100.7423,0.602554,0.7364703,493,STAR
1.25e+19,11060,58523,149.9818,145.2818,129.4877,1904,99.55174,0.5865487,0.7721629,414,STAR
1.25e+19,11078,58437,62.50003,74.82075,88.00296,1035,108.2256,0.6805056,0.9004036,836,QSO
1.25e+19,11059,58515,238.8961,236.963,210.5975,1035,153.7293,0.7727053,0.8114713,292,STAR
1.25e+19,11060,58523,175.2876,168.1567,149.0974,1904,110.3946,0.608927,0.6941397,280,STAR
1.25e+19,11086,58401,407.0109,387.2471,340.5618,2137,246.6505,0.6715181,0.7429581,521,STAR
1.25e+19,11086,58401,45.81414,40.75267,37.03138,2131,31.51744,0.6015495,0.7310151,391,QSO
1.25e+19,11060,58523,113.8162,104.4372,88.44181,1035,87.9386,0.7955011,1.044007,50,QSO
1.25e+19,11068,58488,18.15732,17.55356,17.38125,1904,14.768,0.7044792,0.7510201,476,QSO
1.25e+19,11067,58507,80.83051,79.60719,68.52859,1904,48.73465,0.6525096,0.711022,408,STAR
1.25e+19,11086,58401,109.0273,107.7098,96.1741,2137,72.99097,0.66031,0.7090894,501,STAR
1.25e+19,11067,58507,195.5078,192.0184,171.8735,1035,124.2911,0.6601804,0.7504378,376,STAR
1.25e+19,11068,58488,385.4536,393.7721,350.9324,1904,250.7098,0.6205186,0.6834111,618,STAR
1.25e+19,11060,58523,22.26316,23.16258,23.98721,1904,23.71113,0.6136888,0.6892066,510,QSO
1.25e+19,11068,58488,191.2396,188.7755,171.4948,1904,134.8758,0.6336876,0.7341087,394,STAR
1.25e+19,11060,58523,84.33659,78.40617,72.95506,1904,52.49659,0.6175331,0.7599443,387,STAR
1.25e+19,11067,58507,75.38379,75.53413,66.06834,1043,48.49732,0.6733389,0.8571136,163,STAR
1.25e+19,11086,58401,81.31398,77.66771,67.5885,2131,48.07368,0.6516023,0.7036232,682,STAR
1.25e+19,11060,58523,26.63466,23.29242,18.06609,1904,15.76072,0.6393271,0.696678,838,QSO
1.25e+19,11067,58507,104.5709,100.4114,89.86091,1904,67.80345,0.6591811,0.723036,90,STAR
1.25e+19,11060,58523,139.8763,137.3313,123.0516,1904,89.79612,0.6313943,0.7028209,795,STAR
1.25e+19,11060,58523,100.9125,93.96106,82.57979,1904,58.0293,0.650148,0.6722162,637,STAR
1.25e+19,11059,58515,85.35709,84.17223,75.17731,1904,55.88455,0.6361238,0.7390368,162,STAR
1.25e+19,11078,58437,69.91199,66.92772,58.74202,1035,47.67141,0.6601201,0.851472,551,QSO
1.25e+19,11068,58488,118.0634,111.6315,97.75755,1904,72.83752,0.5619826,0.7881135,218,STAR
1.25e+19,11068,58488,107.1942,106.6637,94.37753,1904,69.39417,0.5759656,0.7995171,459,STAR
1.25e+19,11060,58523,94.97942,93.56557,83.0667,1035,59.43571,0.7953471,0.8947864,796,STAR
1.25e+19,11078,58437,60.90609,53.08273,45.03896,1904,42.12461,0.6420895,0.7501425,676,QSO
1.25e+19,11078,58437,184.5122,175.2679,150.7295,1904,106.1007,0.6313968,0.7445117,588,STAR
1.25e+19,11074,58488,91.63232,95.74652,84.60979,1035,65.40381,0.7091857,0.7825248,946,STAR
1.25e+19,11074,58488,401.037,374.751,319.0128,1035,215.3123,0.7273118,0.7843837,822,STAR
1.25e+19,11078,58437,108.5034,107.5414,98.12871,1904,73.4303,0.6640536,0.7537768,796,STAR
1.25e+19,11060,58523,33.15895,34.54591,30.79863,1035,26.72447,0.7217453,0.888509,398,QSO
1.25e+19,11059,58515,89.30592,87.94644,79.66918,1904,59.42907,0.6394815,0.7416346,374,STAR
1.25e+19,11068,58488,186.7698,181.2799,160.1501,1043,113.5672,0.6662568,0.8091484,927,STAR
1.25e+19,11078,58437,21.33298,18.21808,17.47956,1035,16.49758,0.7571377,0.802831,672,QSO
1.25e+19,11068,58488,161.9173,98.57758,105.8686,1904,99.12156,0.6782852,0.7267765,697,QSO
1.25e+19,11060,58523,432.4878,414.2819,364.1591,1904,259.1248,0.6648872,0.7742322,902,STAR
1.25e+19,11059,58515,317.679,271.2117,214.0292,1904,104.7411,0.6593742,0.7785524,87,STAR
1.25e+19,11059,58515,1440.1,1230.589,917.264,1904,382.324,0.6591271,0.7671501,81,STAR
1.25e+19,11061,58428,254.9806,244.8194,207.3975,1035,139.7511,0.8463377,0.8593236,944,STAR
1.25e+19,11061,58428,74.52106,73.34644,63.13791,1035,45.96009,0.8419502,0.8284171,952,STAR
1.25e+19,11061,58428,80.0567,82.48672,73.6379,1035,56.90586,0.7464988,0.9141159,903,STAR
1.25e+19,11060,58523,378.6964,372.3588,326.3518,1043,230.364,0.7315552,0.8252934,534,STAR
1.25e+19,11068,58488,18.77731,18.07048,21.47422,1035,18.22183,0.6385481,0.7848909,464,QSO
1.25e+19,11078,58437,158.1633,140.2985,96.63243,1904,58.79311,1.025241,0.8369457,754,QSO
1.25e+19,11060,58523,213.0356,200.1575,177.5451,1035,132.0936,0.7880623,0.9014209,442,STAR
1.25e+19,11068,58488,45.06275,49.88485,52.19779,1035,40.15794,0.6424426,0.8158008,223,QSO
1.25e+19,11060,58523,163.3426,157.6429,140.523,1904,102.7174,0.6129377,0.8760031,44,STAR
1.25e+19,11061,58428,74.09676,73.52041,64.3595,1904,44.8459,0.6258757,0.8834573,712,STAR
1.25e+19,11060,58523,11.23841,15.84754,20.77916,1904,32.16446,0.6497512,0.8469941,86,STAR
1.25e+19,11061,58428,247.0983,238.4357,208.2316,1035,147.3765,0.8630774,0.9313861,674,STAR
1.25e+19,11078,58437,439.5439,413.3975,348.316,1904,242.5464,0.6073371,0.8132715,989,STAR
1.25e+19,11068,58488,236.1697,222.3922,198.0697,1035,149.189,0.6807779,0.7784206,349,STAR
1.25e+19,11060,58523,182.6728,183.3053,171.535,1904,138.0597,0.6354812,0.6963636,548,STAR
1.25e+19,11060,58523,385.4578,372.4392,339.9082,1904,263.6016,0.6065665,0.7532184,14,STAR
1.25e+19,11060,58523,22.32904,24.07135,21.46858,1904,18.49178,0.6935859,0.7125559,113,QSO
1.25e+19,11068,58488,75.12129,74.23451,64.65705,1904,49.18848,0.600073,0.7727114,18,STAR
1.25e+19,11068,58488,64.45,60.83461,41.07512,1904,30.22628,0.6855757,0.760077,949,QSO
1.25e+19,11059,58515,121.1713,67.94572,61.51698,1904,56.03197,0.7081335,0.6804053,282,QSO
1.25e+19,11068,58488,277.2351,277.9231,253.9796,1035,196.4375,0.7221146,0.8561475,21,STAR
1.25e+19,11060,58523,89.38795,84.81814,74.55906,1035,56.65633,0.7007968,0.8625058,16,STAR
1.25e+19,11060,58523,149.4122,147.1274,133.1375,1035,100.0404,0.6997998,0.8566372,819,STAR
1.25e+19,11060,58523,77.19322,79.18999,72.36797,1904,57.46789,0.5907544,0.765334,482,STAR
1.25e+19,11068,58488,198.0619,196.4123,173.8974,1043,130.1188,0.689203,0.8747109,522,STAR
1.25e+19,11068,58488,122.0697,124.1495,111.6831,1904,84.32191,0.6101201,0.6670407,977,STAR
1.25e+19,11067,58507,103.37,97.9254,85.07894,1904,59.97371,0.6192873,0.6903281,52,STAR
1.24e+19,11052,58438,48.70348,48.53709,44.33808,1035,31.78317,0.6455838,0.8309656,392,QSO
1.24e+19,11042,58462,80.84846,78.17631,69.04038,1035,50.84094,0.6417038,0.7914602,949,STAR
1.24e+19,11045,58485,95.24905,89.69798,72.64693,1043,54.38921,0.8516138,0.7674437,391,QSO
1.24e+19,11053,58437,5.962102,13.13654,-0.05744626,1035,2.192965,0.5269778,3.351637,586,GALAXY
1.24e+19,11045,58485,96.32713,90.87823,83.30647,1904,62.19432,0.6785018,0.7380101,117,STAR
1.24e+19,11045,58485,157.9079,152.8679,134.0455,1904,99.1535,0.6695524,0.7636389,40,STAR
1.24e+19,11052,58438,213.3696,194.5289,166.6654,1904,118.0238,0.5996608,0.8416021,456,STAR
1.24e+19,11052,58438,76.12386,72.8135,67.11137,1035,49.84482,0.7321484,0.9107808,210,STAR
1.24e+19,11042,58462,143.6012,135.8756,118.0358,1035,85.34848,0.6733703,0.7887782,546,STAR
1.24e+19,11042,58462,133.0011,122.67,102.6644,1035,67.09978,0.6590112,0.7791262,668,STAR
1.24e+19,11053,58437,177.1052,169.2142,155.0977,1035,115.5564,0.7649696,0.8806809,968,STAR
1.24e+19,11040,58456,233.4205,227.5137,205.1755,1904,148.7845,0.6539636,0.7854555,178,STAR
1.24e+19,11042,58462,391.8412,362.1823,308.4214,1035,209.7685,0.772271,0.814716,802,STAR
1.24e+19,11053,58437,32.52211,21.12285,17.53549,1904,17.31633,0.6088698,0.8022448,948,QSO
1.24e+19,11042,58462,175.2538,161.4061,136.8089,1035,91.07165,0.5912599,0.7812547,903,STAR
1.24e+19,11045,58485,36.87445,31.47339,25.55424,1035,24.49754,0.63876,0.8404726,518,QSO
1.24e+19,11045,58485,104.6795,93.68222,79.87295,1035,57.29873,0.7075056,0.7579853,818,STAR
1.24e+19,11052,58438,157.0879,147.919,128.091,1035,89.5318,0.7826691,0.970089,760,STAR
1.24e+19,11052,58438,27.71683,32.40865,24.79467,1035,23.83514,0.7178707,0.8601972,376,QSO
1.24e+19,11040,58456,84.2532,82.8727,74.35091,1904,57.08675,0.6586348,0.7363912,362,STAR
1.24e+19,11052,58438,243.8809,234.7412,201.3173,1035,139.3053,0.7618861,0.9756728,288,STAR
1.24e+19,11045,58485,100.1604,92.81297,78.66354,1043,53.94576,0.6324617,0.7598725,304,STAR
1.24e+19,11053,58437,200.8437,194.1499,175.7666,1904,130.8246,0.6077572,0.7981471,912,STAR
1.24e+19,11052,58438,115.97,114.9212,116.4248,1035,135.9164,0.7169135,0.8742838,217,QSO
1.24e+19,11040,58456,90.51196,83.72593,73.18479,1904,53.95488,0.7164076,0.8051822,1,STAR
1.24e+19,11052,58438,27.1976,20.41826,20.3677,1904,16.92305,0.7863403,0.6951613,882,QSO
1.24e+19,11040,58456,102.1784,94.23548,85.2035,1904,62.11542,0.6640951,0.7793606,450,STAR
1.24e+19,11052,58438,203.7705,196.1901,175.3262,1904,133.7811,0.6018957,0.8034124,422,STAR
1.24e+19,11052,58438,109.666,75.6426,69.99956,1904,48.16501,0.6946728,0.8034014,416,QSO
1.24e+19,11045,58485,65.57796,62.84356,51.90057,1904,42.25833,0.6888513,0.8242726,455,QSO
1.24e+19,11045,58485,154.1989,153.5355,143.2027,1035,112.8276,0.6051574,0.7457156,148,STAR
1.24e+19,11052,58438,158.9519,153.5939,135.3279,1904,95.5492,0.640283,0.7881944,137,STAR
1.24e+19,11052,58438,198.0578,186.4965,164.4477,1904,116.543,0.6330877,0.6743288,650,STAR
1.24e+19,11053,58437,74.22013,70.16043,63.55646,1035,47.32119,0.8022965,0.978175,548,STAR
1.24e+19,11053,58437,74.44489,72.29886,64.50037,1035,47.94267,0.7927708,0.9452382,628,STAR
1.24e+19,11053,58437,68.40388,52.70178,39.99431,1035,39.20244,0.8455471,0.9976293,632,QSO
1.24e+19,11052,58438,81.31648,73.51228,62.82151,1904,42.15333,0.654672,0.7865439,33,STAR
1.24e+19,11045,58485,104.243,100.2472,90.83963,1904,65.93912,0.6870241,0.7355923,460,STAR
1.24e+19,11045,58485,95.2322,92.13382,82.24627,1904,60.02911,0.6128584,0.7696063,86,STAR
1.24e+19,11052,58438,57.43428,51.86485,45.70288,1904,38.9619,0.6702054,0.7600981,884,QSO
1.24e+19,11052,58438,23.48569,25.07232,24.51587,1904,19.86217,0.6496805,0.7386328,214,QSO
1.24e+19,11042,58462,143.2559,152.2058,130.6102,1035,95.91382,0.6884118,0.8189941,894,STAR
1.24e+19,11045,58485,240.6616,227.3018,191.2931,1904,126.2589,0.6666159,0.7292602,567,STAR
1.24e+19,11053,58437,20.54435,19.22416,19.4048,1035,17.83225,0.7126818,0.853838,792,QSO
1.24e+19,11052,58438,94.94507,91.20345,79.40931,1035,57.00669,0.7762086,0.9962493,547,STAR
1.24e+19,11053,58437,71.00668,68.3923,60.17356,1904,43.32835,0.6133967,0.8251519,742,STAR
1.24e+19,11053,58437,300.6043,289.4641,249.5265,1904,174.0798,0.6302392,0.7838923,793,STAR
1.24e+19,11052,58438,208.2164,205.8182,183.1349,1043,133.9484,0.7119141,0.8727605,814,STAR
1.24e+19,11053,58437,127.4829,125.3934,108.616,1035,80.06893,0.8079613,0.862608,882,STAR
1.24e+19,11052,58438,21.71586,25.84316,22.59588,1904,23.5932,0.6416072,0.7764072,601,QSO
1.24e+19,11052,58438,78.74831,74.16589,63.40677,1904,43.41869,0.6290289,0.7042518,313,STAR
1.24e+19,11052,58438,45.83574,29.38975,26.18665,1035,19.86871,0.7502046,0.8901162,119,QSO
1.24e+19,11052,58438,26.74778,33.63863,41.24093,1035,51.69871,0.7182748,0.7853375,354,STAR
1.24e+19,11052,58438,34.64919,28.24904,21.30429,1904,18.06072,0.6864673,0.6989267,310,QSO
1.24e+19,11042,58462,49.92654,49.30867,38.90597,1904,36.70758,0.6196591,0.8174669,875,QSO
1.24e+19,11045,58485,194.8955,191.0064,166.7341,1035,119.1467,0.67938,0.8157319,366,STAR
1.24e+19,11045,58485,112.0944,108.4611,98.75173,1035,74.42751,0.6360476,0.799418,476,STAR
1.24e+19,11045,58485,166.1347,163.4869,152.1192,1035,119.6624,0.6933149,0.7843514,732,STAR
1.24e+19,11052,58438,78.25184,74.25498,68.44583,1904,54.86046,0.6816645,0.7808735,530,STAR
1.23e+19,10902,58396,319.5753,315.7388,285.5834,2207,216.2043,0.5536093,0.6480116,983,STAR
1.23e+19,10904,58402,14.26866,18.64756,17.87624,1345,15.09593,0.4600801,0.6353881,647,QSO
1.23e+19,10904,58402,24.23258,16.22689,15.05027,2207,15.80733,0.6864379,0.6302291,863,QSO
1.21e+19,10720,58250,110.9282,112.1513,99.63955,2207,74.9854,0.6861606,0.7020653,26,STAR
1.21e+19,10722,58281,20.96191,20.60297,17.66777,2207,19.72458,0.6598182,0.7012183,834,QSO
1.21e+19,10720,58250,97.67776,95.95658,85.80664,2207,65.86549,0.7312862,0.8068964,788,STAR
1.21e+19,10761,58283,139.9509,127.1234,107.6637,2207,68.97511,0.5920814,0.6874517,633,STAR
1.21e+19,10761,58283,123.4719,117.3448,104.212,2207,76.90458,0.592698,0.7839566,596,STAR
1.21e+19,10761,58283,67.5446,71.33701,64.29521,2207,50.60082,0.6990244,0.7246412,497,STAR
1.21e+19,10724,58391,83.91373,81.22054,72.94147,2207,56.58328,0.5644646,0.6826223,524,STAR
1.21e+19,10761,58283,42.33976,20.28124,31.59999,2207,29.6624,0.6366068,0.7133962,418,QSO
1.21e+19,10761,58283,237.2063,234.7251,217.6768,2207,177.6597,0.6403228,0.7126594,438,STAR
1.21e+19,10761,58283,15.59659,16.1582,20.7667,2207,27.29875,0.7256005,0.6991652,265,STAR
1.21e+19,10761,58283,83.23974,88.88084,79.20425,2207,58.83437,0.5561126,0.6721239,675,STAR
1.21e+19,10722,58281,19.33421,20.66841,16.1968,2134,16.92455,0.6831776,0.8108984,601,QSO
1.21e+19,10721,58288,306.2025,288.6136,253.1427,2207,179.8667,0.573393,0.7033314,334,STAR
1.21e+19,10721,58288,94.43715,90.70924,82.49902,2207,60.20597,0.576934,0.70792,549,STAR
1.21e+19,10722,58281,152.6217,151.3055,139.7506,2207,109.8657,0.6513652,0.6976219,815,STAR
1.21e+19,10722,58281,168.4819,118.6952,98.64821,2134,69.47578,1.287989,0.9267334,310,QSO
1.21e+19,10761,58283,109.1323,113.1951,100.5916,2207,77.53204,0.6190282,0.7082373,408,STAR
1.16e+19,10290,58099,35.45694,37.78497,31.744,2137,27.85692,0.614371,0.7505305,308,QSO
1.16e+19,10285,58083,14.21543,16.77615,22.66089,2137,29.68147,0.7282006,0.7465613,738,STAR
1.16e+19,10285,58083,313.8417,311.6605,284.5501,2137,221.2333,0.6787953,0.8032538,318,STAR
1.16e+19,10285,58083,78.98448,85.66402,74.58157,2137,50.24972,0.6275612,0.7988401,737,STAR
1.16e+19,10290,58099,286.7791,286.0674,252.2608,2076,178.9232,0.7717896,0.8639338,452,STAR
1.16e+19,10290,58099,257.4145,247.8947,211.3247,2076,141.6872,0.6042498,0.8001712,548,STAR
1.16e+19,10290,58099,37.22179,38.3619,30.51849,2076,26.38787,0.682677,0.7618147,508,QSO
1.16e+19,10290,58099,77.2151,73.52921,64.54601,2137,47.04706,0.6582516,0.7132129,236,STAR
1.16e+19,10290,58099,15.82527,23.36868,20.06903,1889,16.26327,0.6429159,0.8477685,567,QSO
1.16e+19,10290,58099,89.83904,89.33342,80.50785,2137,60.04756,0.6301766,0.7510257,380,STAR
1.16e+19,10285,58083,381.7237,362.8927,320.8011,2137,227.7776,0.678708,0.7338186,622,STAR
1.16e+19,10285,58083,56.47826,35.26114,28.55483,2131,25.20151,0.9406644,0.8269503,721,QSO
1.16e+19,10285,58083,17.32966,21.69382,22.3195,2131,18.65339,0.5598553,0.7066002,114,GALAXY
1.16e+19,10285,58083,203.3056,199.0092,171.5683,2076,118.2069,0.5688164,0.6878003,542,STAR
1.16e+19,10290,58099,30.60189,28.5757,27.68726,2076,21.13834,0.6443331,0.7222984,501,QSO
1.16e+19,10290,58099,109.2331,108.462,101.2454,2076,83.41395,0.6172619,0.8831127,495,STAR
1.16e+19,10285,58083,76.24478,70.57627,60.30264,2076,41.79501,0.5863323,0.7436908,639,STAR
1.16e+19,10290,58099,259.548,252.2922,225.4839,2131,169.6736,0.6804889,0.8211328,292,STAR
1.16e+19,10290,58099,228.786,223.5908,206.3714,2131,157.4072,0.6772944,0.8237482,892,STAR
1.16e+19,10285,58083,17.9737,22.78605,20.82344,2131,17.44994,0.5856968,0.7275518,306,QSO
1.16e+19,10290,58099,30.82253,33.39698,31.91345,2076,23.92836,0.6536745,0.8442292,493,QSO
1.16e+19,10290,58099,118.5687,118.3636,102.2999,2131,70.83067,0.652861,0.7436509,310,STAR
1.16e+19,10285,58083,96.88584,89.53249,79.63009,2137,59.19751,0.6444355,0.7561055,800,STAR
1.16e+19,10290,58099,100.3727,92.01102,79.16763,2131,55.13819,0.7072603,0.8065965,339,STAR
1.16e+19,10290,58099,58.19014,62.50766,52.60549,2131,44.87799,0.7103758,0.803835,343,QSO
1.16e+19,10290,58099,63.39193,67.49554,61.08801,2076,37.25861,0.6247445,0.8078958,571,QSO
1.16e+19,10285,58083,7.611928,3.558989,3.532837,2062,19.50439,0.2618982,0.7344751,486,STAR
1.16e+19,10290,58099,28.57009,27.67073,24.82289,2076,24.07781,0.6100563,0.7979556,574,QSO
1.16e+19,10290,58099,189.6951,177.9267,159.0723,2076,114.7422,0.5956068,0.7114379,518,STAR
1.16e+19,10285,58083,54.81123,49.054,47.06112,2137,37.56029,0.686554,0.7689254,424,QSO
1.16e+19,10290,58099,97.88125,96.96497,86.3741,2076,61.60709,0.6499949,0.7486218,601,STAR
1.16e+19,10285,58083,248.9328,102.5001,173.7543,2131,1614.46,0.6658548,0.7551516,467,STAR
1.16e+19,10285,58083,36.78589,30.52067,26.13298,2131,23.696,0.7319527,0.7047698,466,QSO
1.05e+19,9366,57746,110.1665,103.0479,92.44866,1402,65.19498,0.6211339,0.685177,663,STAR
1.05e+19,9369,58054,172.1433,167.4081,147.1897,1402,105.3567,0.5562534,0.6622007,390,STAR
1.05e+19,9363,57742,38.0614,34.61491,28.97242,1402,26.17426,0.572121,0.7128456,497,QSO
1.05e+19,9368,57817,75.20444,74.77576,65.43198,1331,47.90815,0.5546086,0.7250442,454,STAR
1.05e+19,9360,58055,100.5092,95.11638,85.41438,2137,61.17201,0.6417353,0.7146512,824,STAR
1.05e+19,9369,58054,99.58282,94.19067,85.51198,1402,62.56566,0.5754099,0.6692727,422,STAR
1.05e+19,9362,57801,148.9731,143.089,122.5521,1345,87.20667,0.5678006,0.7127971,670,STAR
1.05e+19,9364,57699,70.48254,67.98478,60.19983,1345,45.9019,0.6481873,0.766652,748,STAR
1.05e+19,9363,57742,124.2728,120.0767,105.2011,1402,76.15997,0.589963,0.6586288,386,STAR
1.05e+19,9362,57801,104.7406,96.52791,86.42282,2076,62.62218,0.6226006,0.7747799,198,STAR
1.05e+19,9359,58056,42.7904,44.34383,41.68731,2131,33.22263,0.6538346,0.737118,499,QSO
1.05e+19,9330,57743,40.79931,45.52406,37.10549,1010,33.00402,1.071932,1.062053,514,QSO
1.05e+19,9356,57809,119.844,116.5827,105.0863,2131,77.43556,0.656606,0.7969005,446,STAR
1.05e+19,9362,57801,89.65442,89.87405,78.73183,1331,56.22018,0.5591523,0.6758733,524,STAR
1.05e+19,9356,57809,268.5657,255.3168,223.049,2137,159.6983,0.6225079,0.7193231,952,STAR
1.05e+19,9359,58056,16.313,20.14642,19.65482,2137,20.01349,0.5542796,0.7163541,506,QSO
1.05e+19,9362,57801,24.2568,18.45755,16.94535,1331,15.32949,0.6276656,0.6400815,607,QSO
1.05e+19,9366,57746,29.7226,30.60863,22.38542,1350,21.53489,0.5470602,0.8341407,355,QSO
1.05e+19,9366,57746,27.8594,30.15435,28.10542,1350,26.5233,0.7091779,0.8292642,762,STAR
1.05e+19,9362,57801,171.5556,160.7554,134.2536,1889,91.77573,0.6765031,0.7548661,969,STAR
1.05e+19,9357,57807,268.6534,257.1647,229.419,1889,163.2243,0.6771539,0.7373294,358,STAR
1.05e+19,9364,57699,23.05942,22.1553,18.04617,1889,17.3794,0.7748342,0.80933,765,QSO
1.05e+19,9364,57699,161.7158,150.6896,130.0038,1350,92.38087,0.6252466,0.7820752,577,STAR
1.05e+19,9356,57809,41.09781,32.95442,8.629058,2131,23.55733,0.7188661,0.7945821,687,QSO
1.05e+19,9366,57746,120.6624,118.4098,106.8661,1350,81.47211,0.6931803,0.9563088,481,STAR
1.05e+19,9354,57806,347.8236,324.1091,274.6761,2137,187.044,0.6568781,0.7431734,954,STAR
1.05e+19,9356,57809,124.1154,117.8999,101.978,2137,70.28594,0.6463639,0.7357317,614,STAR
1.05e+19,9361,58055,71.41794,68.69355,62.17773,2243,45.94109,0.6729753,0.698462,493,STAR
1.05e+19,9361,58055,224.4554,214.7567,182.21,2243,130.1714,0.7072083,0.7990784,538,STAR
1.05e+19,9363,57742,240.9346,230.2663,201.7551,1350,142.3618,0.6919802,0.9648537,622,STAR
1.05e+19,9354,57806,151.4527,141.793,128.539,2131,95.56134,0.773109,0.8012916,819,STAR
1.05e+19,9362,57801,81.17635,77.86985,65.99104,1345,44.94435,0.5967973,0.7114563,595,STAR
1.05e+19,9357,57807,196.6999,190.1985,164.3143,1889,116.5583,0.6917191,0.8306236,759,STAR
1.05e+19,9357,57807,39.14228,50.40584,67.10515,1889,91.19418,0.7326926,0.8933278,783,STAR
1.05e+19,9357,57807,33.60172,27.58515,26.30452,1889,25.70947,0.7559208,0.9241584,862,QSO
1.05e+19,9364,57699,160.6283,155.3646,136.5331,2076,100.9275,0.6357825,0.7460293,733,STAR
1.05e+19,9364,57699,227.4323,225.077,198.5946,2076,147.9925,0.6602905,0.8052256,739,STAR
1.05e+19,9354,57806,18.81754,23.85813,30.84571,2137,39.83397,0.7121963,0.75247,194,STAR
1.05e+19,9360,58055,136.0124,131.2721,115.4593,2137,83.58331,0.709515,0.7558494,441,STAR
1.05e+19,9354,57806,89.7382,90.39046,79.98669,2131,59.77498,0.6963009,0.8545812,879,STAR
1.05e+19,9364,57699,165.9454,125.8234,85.99044,1345,46.4981,1.106024,0.8354243,632,QSO
1.05e+19,9366,57746,27.74574,35.08475,27.76603,1345,26.32398,0.5409418,0.6884354,6,QSO
1.05e+19,9369,58054,428.5742,417.202,373.2464,1345,276.4697,0.608515,0.7772114,118,STAR
1.05e+19,9368,57817,13.78168,20.6453,25.06281,1345,31.26944,0.5075209,0.6519668,834,STAR
1.05e+19,9361,58055,269.6718,265.7052,242.4085,2243,178.9762,0.6211752,0.6947405,620,STAR
1.05e+19,9366,57746,129.0506,124.6403,110.777,1345,83.6964,0.6137992,0.788649,233,STAR
1.05e+19,9368,57817,132.8658,127.7644,111.7131,1345,77.59628,0.591871,0.6563348,833,STAR
1.05e+19,9363,57742,48.71405,54.35605,56.80039,1402,40.5773,0.5654932,0.6665106,464,QSO
1.05e+19,9366,57746,117.5103,107.4395,97.09576,1350,69.34368,0.6354246,0.8523393,482,STAR
1.05e+19,9364,57699,38.50739,28.85329,23.23861,2076,18.13973,0.8057249,0.8831161,362,QSO
1.05e+19,9354,57806,64.00159,1.678255,0.4673135,1889,25.51132,0.6952882,0.6759815,516,QSO
1.05e+19,9361,58055,404.6319,391.2685,348.917,2243,252.2185,0.6697441,0.709426,795,STAR
1.05e+19,9366,57746,274.1001,268.2815,232.5862,1402,163.1599,0.5864853,0.7094024,506,STAR
1.05e+19,9357,57807,146.1664,141.9464,129.2259,2076,98.54197,0.6585457,0.7314129,962,STAR
1.05e+19,9357,57807,72.66396,71.20628,65.90292,2076,50.96547,0.6536971,0.7489187,505,GALAXY
1.05e+19,9359,58056,132.8133,130.5456,119.5539,2243,92.6179,0.6471965,0.7058204,637,STAR
1.05e+19,9360,58055,100.8717,96.06564,86.57626,2243,64.92545,0.6302264,0.7304143,53,STAR
1.05e+19,9368,57817,72.26839,69.16809,61.3877,1331,44.51915,0.6293997,0.7299415,518,STAR
1.05e+19,9354,57806,293.9384,286.5574,254.5568,2131,188.0552,0.6565701,0.774408,72,STAR
1.05e+19,9364,57699,199.7952,201.9339,167.9456,2076,97.61266,0.6711853,0.6672052,922,STAR
1.05e+19,9360,58055,173.8552,171.8327,149.4321,2076,108.7649,0.6628819,0.8658486,430,STAR
1.05e+19,9368,57817,182.0243,176.7426,156.5494,1331,114.7484,0.6255441,0.6987581,533,STAR
1.05e+19,9356,57809,160.0229,154.7614,134.7881,2137,95.34048,0.6185216,0.7478978,747,STAR
1.05e+19,9360,58055,217.7895,194.3316,129.8497,2076,85.21973,1.311345,0.9145098,579,QSO
1.05e+19,9368,57817,49.78613,26.79151,21.43765,1889,20.93879,0.7486135,0.8273635,223,QSO
1.05e+19,9364,57699,411.1617,411.4006,372.2377,1889,280.7622,0.7319515,0.8135041,237,STAR
1.05e+19,9368,57817,217.9456,207.2852,185.765,1402,137.5156,0.5538658,0.6944213,594,STAR
1.05e+19,9363,57742,62.88942,62.77703,52.87189,1402,47.97751,0.6467575,0.6684956,730,QSO
1.05e+19,9363,57742,329.1714,316.0497,283.7826,1331,221.1482,0.5376875,0.627588,47,STAR
1.05e+19,9357,57807,27.51822,30.96052,28.23565,1331,20.27686,0.5640093,0.6909378,588,QSO
1.05e+19,9357,57807,24.31635,23.26763,16.1686,2076,16.07717,0.667655,0.7372956,442,QSO
1.05e+19,9368,57817,76.48156,75.6561,67.43799,2076,49.69962,0.6843558,0.7915315,80,STAR
1.05e+19,9357,57807,81.88606,77.34421,67.78224,1889,50.33369,0.708155,0.7670545,444,STAR
1.05e+19,9368,57817,83.91115,84.25435,71.72429,1889,49.86353,0.6668891,0.7944697,10,STAR
1.05e+19,9354,57806,171.1105,162.252,142.8712,2076,103.8846,0.5507967,0.6735559,431,STAR
1.05e+19,9354,57806,16.60571,20.46399,24.32177,2076,28.99723,0.5603783,0.6795518,631,STAR
1.05e+19,9369,58054,49.3571,47.30021,42.34787,1345,34.08215,0.639075,0.7865306,145,QSO
1.05e+19,9362,57801,9.678305,11.83185,15.61847,1889,23.93038,0.8469761,0.7954765,202,STAR
1.05e+19,9364,57699,109.138,92.00986,74.84223,1331,59.48575,0.5401042,0.668681,618,QSO
1.05e+19,9354,57806,292.193,281.455,250.865,2131,185.6634,0.6649026,0.7657815,923,STAR
1.05e+19,9362,57801,43.12877,49.48595,51.65629,1889,42.09513,0.7365813,0.863226,406,QSO
1.05e+19,9362,57801,22.96935,24.29082,22.4119,1889,17.1125,0.7703998,0.792393,334,QSO
1.05e+19,9362,57801,20.4413,24.60789,22.87483,1889,18.40832,0.6334773,0.8355503,268,QSO
1.05e+19,9363,57742,95.83191,97.04752,82.401,1402,55.37902,0.5457181,0.6730121,643,STAR
1.05e+19,9366,57746,91.64156,91.85669,80.30575,1402,57.39797,0.5222414,0.6638991,462,STAR
1.05e+19,9357,57807,93.23139,91.73248,83.13348,2076,62.03266,0.6947672,0.8046989,184,STAR
1.05e+19,9357,57807,71.70583,72.75813,65.1211,2076,48.96813,0.7073814,0.8538753,470,STAR
1.05e+19,9369,58054,202.2744,196.1416,174.9026,1402,125.241,0.5704725,0.7252153,207,STAR
1.05e+19,9364,57699,315.2351,306.2397,269.3883,1889,201.4204,0.7273696,0.8191801,162,STAR
1.05e+19,9369,58054,179.2452,171.4531,153.1957,1350,110.4163,0.6524023,0.7905179,443,STAR
1.05e+19,9357,57807,180.7529,174.8058,155.33,1345,111.5337,0.6612862,0.7476504,550,STAR
1.05e+19,9354,57806,45.53728,24.2793,21.66183,2131,17.4813,0.8163639,0.8084561,271,QSO
1.05e+19,9356,57809,38.06081,45.69963,53.65197,2131,65.96248,0.7089326,0.7724447,744,STAR
1.05e+19,9363,57742,103.4017,97.36951,86.53973,1350,65.17388,0.5840595,0.8614177,482,STAR
1.05e+19,9366,57746,311.414,295.8115,263.4216,1350,203.4787,0.6961234,0.7539152,684,STAR
1.05e+19,9363,57742,32.19876,43.49422,53.6563,1350,69.57372,0.6017591,0.78201,527,STAR
1.05e+19,9360,58055,124.0671,123.3832,110.1453,2076,81.3138,0.6485264,0.7481281,607,STAR
1.05e+19,9364,57699,295.8397,282.6335,249.6697,1345,178.1619,0.6325231,0.8992373,673,STAR
1.05e+19,9366,57746,170.4653,163.504,143.8767,1345,105.658,0.5914147,0.7124567,143,STAR
1.05e+19,9360,58055,82.59769,84.04961,79.35493,2076,63.50106,0.6572887,0.75807,567,STAR
1.05e+19,9364,57699,115.4246,113.0167,99.19798,2076,73.87688,0.6787751,0.7857464,313,STAR
1.05e+19,9363,57742,145.2386,142.0175,128.996,1350,89.57186,0.712099,0.7455705,556,STAR
1.05e+19,9368,57817,84.93911,83.73581,73.3005,1345,50.62601,0.5806251,0.6863955,351,STAR
1.05e+19,9354,57806,293.8033,284.225,259.4144,2076,199.5006,0.5784334,0.6858068,531,STAR
1.05e+19,9360,58055,117.0921,113.7868,99.76673,1889,70.1694,0.7868074,0.8311698,720,STAR
1.05e+19,9356,57809,199.981,190.4993,164.9403,2131,116.2349,0.720812,0.8076658,750,STAR
1.05e+19,9356,57809,224.9103,217.7669,195.1304,2131,145.024,0.6833599,0.7737312,785,STAR
1.05e+19,9354,57806,48.8031,47.84046,40.09631,2076,33.59733,0.5546072,0.6138496,696,QSO
1.05e+19,9354,57806,157.3707,145.3152,125.6594,2076,90.67544,0.5737488,0.689059,684,STAR
1.05e+19,9354,57806,125.1074,121.8073,107.389,2131,79.82548,0.661428,0.7442964,224,STAR
1.05e+19,9368,57817,105.7448,81.46748,70.57923,2076,66.13733,0.6389238,0.7374516,368,QSO
1.05e+19,9357,57807,132.4067,130.1939,115.9698,2076,85.33772,0.6819505,0.8675936,705,STAR
1.05e+19,9357,57807,53.92926,47.63915,40.12421,1889,43.58484,0.8196228,0.8509372,985,QSO
1.05e+19,9354,57806,77.60543,73.94507,65.33947,2076,45.87925,0.5637846,0.676397,720,STAR
1.05e+19,9363,57742,80.26942,76.58511,68.67416,1402,49.77039,0.5965778,0.6570356,608,STAR
1.05e+19,9354,57806,97.52209,126.6468,159.19,2076,209.7238,0.5860867,0.7054815,480,STAR
1.05e+19,9368,57817,240.1393,238.646,212.2085,2076,151.532,0.7499944,0.765692,936,STAR
1.05e+19,9357,57807,68.79498,67.03785,63.30001,2076,49.12831,0.6963437,0.8717427,652,STAR
1.05e+19,9364,57699,91.23562,86.36486,77.27777,1889,59.52274,0.6736096,0.8277896,48,STAR
1.05e+19,9356,57809,93.18922,83.33592,71.92902,2131,51.93988,0.6483258,0.6964283,962,STAR
1.05e+19,9354,57806,96.61829,93.06239,82.35302,1889,61.2845,0.6628528,0.7585877,450,STAR
1.05e+19,9356,57809,144.5448,138.8891,122.9918,1889,88.48849,0.6930757,0.7588193,548,STAR
1.05e+19,9356,57809,61.6379,65.63779,60.59211,2076,46.81138,0.6430232,0.8195935,594,STAR
1.05e+19,9369,58054,161.4161,153.105,132.3823,1331,95.67576,0.6708212,0.7347875,980,STAR
1.05e+19,9329,57688,36.47822,31.1441,27.93443,1010,23.81701,1.141747,1.158829,55,QSO
1.05e+19,9363,57742,61.82088,57.37549,49.42797,1331,53.97864,0.5496585,0.6664207,188,QSO
1.05e+19,9363,57742,70.3149,78.36717,73.92461,1345,63.03702,0.5331057,0.6658325,972,STAR
1.05e+19,9366,57746,113.5817,109.502,96.69078,1402,68.87775,0.596205,0.6522025,517,GALAXY
1.05e+19,9354,57806,388.0912,382.0794,341.1086,2076,245.5763,0.5923481,0.6881105,758,STAR
1.05e+19,9357,57807,344.1574,328.7214,294.1869,1345,213.0342,0.645148,0.6739014,512,STAR
1.05e+19,9357,57807,256.0921,240.2634,209.9019,2076,151.1466,0.6559845,0.7450412,918,STAR
1.05e+19,9368,57817,130.8362,122.2654,108.4407,1331,80.37833,0.6577392,0.7305333,761,STAR
1.05e+19,9354,57806,111.5667,102.757,89.48572,1889,67.15587,0.7223951,0.7686244,832,STAR
1.05e+19,9367,57758,195.4956,175.8004,154.7144,1350,112.9479,0.6781211,0.9485587,56,STAR
1.05e+19,9368,57817,72.1768,70.27718,63.10107,1889,46.12382,0.6809443,0.7571554,91,STAR
1.05e+19,9357,57807,340.5941,316.0036,272.1634,1889,186.2867,0.6598336,0.7506955,455,STAR
1.05e+19,9360,58055,270.2238,263.7591,238.7068,2076,183.9441,0.6536501,0.8081352,600,STAR
1.05e+19,9367,57758,288.7826,268.6817,225.0235,1402,148.3333,0.6230795,0.7041267,98,STAR
1.05e+19,9367,57758,134.0754,132.2801,117.8613,1402,89.02314,0.5758885,0.7213218,25,STAR
1.05e+19,9368,57817,15.52941,17.49017,23.01259,1331,34.13834,0.7842038,0.7432288,777,STAR
1.05e+19,9363,57742,97.47675,99.18027,86.73009,1345,63.56196,0.5973374,0.7362929,165,STAR
1.05e+19,9357,57807,16.89435,19.83744,18.82881,2137,14.49259,0.5598077,0.7166789,11,QSO
1.05e+19,9357,57807,29.37057,20.09097,17.97802,2137,17.59674,0.8754871,0.7566609,12,QSO
1.05e+19,9360,58055,359.9206,379.095,329.7694,2137,229.3681,0.6346402,0.6842674,338,STAR
1.05e+19,9360,58055,203.8624,202.1353,185.3076,2076,144.1736,0.6271499,0.8458168,488,STAR
1.05e+19,9362,57801,215.543,198.1582,171.7604,2076,120.7707,0.5936669,0.842965,92,STAR
1.05e+19,9365,57749,451.2342,420.0565,373.0541,2076,273.8876,0.5986322,0.8353453,663,STAR
1.05e+19,9354,57806,15.6957,18.42398,19.481,2131,15.93361,0.5672505,0.754863,994,QSO
1.05e+19,9363,57742,162.7092,152.2437,133.8289,1345,96.27905,0.6455057,0.741869,55,STAR
1.05e+19,9362,57801,275.435,266.0966,231.5014,2076,165.8237,0.6063522,0.6844717,959,STAR
1.05e+19,9362,57801,177.7995,171.9747,147.9854,1889,103.5688,0.660099,0.7843694,60,STAR
1.05e+19,9362,57801,100.9781,101.4783,89.7907,2076,64.34381,0.6919135,0.7978719,216,STAR
1.05e+19,9363,57742,21.85714,19.35106,18.45765,1345,16.50619,0.7467718,0.8106958,309,QSO
1.05e+19,9362,57801,205.8052,191.1001,175.482,2076,137.5999,0.6711018,0.8909816,450,STAR
1.05e+19,9362,57801,402.6548,394.6767,360.907,2076,285.8442,0.7035092,0.7868379,375,STAR
1.05e+19,9362,57801,24.988,22.60362,18.71131,2076,17.45225,0.632628,0.7718133,776,QSO
1.05e+19,9363,57742,39.81605,29.91918,28.09865,1345,18.8396,0.6023379,0.7931284,770,QSO
1.05e+19,9364,57699,74.92377,74.20222,67.41054,1345,54.40006,0.642211,0.8615695,644,STAR
1.05e+19,9362,57801,27.30823,25.24,19.84958,1345,19.19214,0.6461648,0.700608,716,QSO
1.05e+19,9362,57801,25.51431,22.63824,22.58011,1345,19.82764,0.6103547,0.6645943,787,QSO
1.05e+19,9366,57746,39.21412,48.78772,57.49723,1402,64.23755,0.5492349,0.6797506,398,STAR
1.05e+19,9366,57746,33.34684,40.70302,30.10259,1402,26.56391,0.5042531,0.6548469,615,QSO
1.05e+19,9362,57801,30.59628,32.93649,29.81738,1331,23.92684,0.54358,0.6829939,676,QSO
1.05e+19,9368,57817,242.2476,240.1102,217.7497,1345,167.7469,0.6046117,0.6746886,680,STAR
1.05e+19,9369,58054,23.62616,27.9908,36.09829,1345,47.57451,0.6727683,0.7478892,97,STAR
1.05e+19,9369,58054,22.48895,21.9667,16.4718,1350,17.41801,0.5445502,0.6787047,215,QSO
1.05e+19,9366,57746,95.08749,92.21733,84.20814,1350,66.14638,0.6766642,0.8305294,846,STAR
1.05e+19,9366,57746,133.7005,128.6243,116.8842,1350,88.67832,0.6528188,0.7907975,918,STAR
1.05e+19,9369,58054,85.97279,88.74404,76.82186,1402,54.56572,0.555605,0.6668116,404,STAR
1.05e+19,9366,57746,31.82432,29.24448,22.991,1345,20.26235,0.5541421,0.7356474,72,QSO
1.05e+19,9366,57746,432.2182,423.8006,375.408,1345,270.7954,0.6210836,0.7232012,976,STAR
1.05e+19,9368,57817,32.5903,45.55288,62.1923,1345,94.02905,0.5700627,0.7339238,514,STAR
1.05e+19,9363,57742,87.80573,77.65099,44.65367,1331,21.49288,1.468115,0.7725731,36,QSO
1.05e+19,9362,57801,197.102,188.7959,163.5326,1889,114.7672,0.6617025,0.774342,96,STAR
1.05e+19,9368,57817,185.6922,180.0504,154.7409,1331,109.6262,0.6318731,0.7716894,673,STAR
1.05e+19,9369,58054,76.02647,75.38188,67.99682,1350,50.97022,0.5958586,0.7030166,899,STAR
1.05e+19,9363,57742,71.9597,68.17042,62.02872,1345,46.91648,0.601518,0.7705692,116,STAR
1.05e+19,9362,57801,148.7159,140.7498,128.9806,1345,100.1163,0.5693989,0.7838283,461,STAR
1.05e+19,9362,57801,25.85092,21.43423,17.39341,2076,16.20957,0.6292104,0.7649205,802,QSO
1.05e+19,9364,57699,91.2906,92.82552,83.33569,2076,62.28351,0.6685939,0.8840992,600,STAR
1.05e+19,9363,57742,25.26321,25.87599,19.66366,1402,18.9552,0.5706843,0.6714595,394,QSO
1.05e+19,9365,57749,216.0802,66.12492,18.80546,2131,97.92543,0.7820522,0.8634659,811,STAR
1.05e+19,9354,57806,109.7951,98.8391,89.10841,2131,64.03491,0.7201338,0.7703435,250,STAR
1.05e+19,9354,57806,66.7729,61.33879,54.65274,2131,47.81125,0.6595788,0.8058707,930,QSO
1.05e+19,9357,57807,281.4247,261.5443,225.654,2137,153.9598,0.7056192,0.8400151,990,STAR
1.05e+19,9360,58055,85.32426,81.48225,71.3734,2137,52.64962,0.6830255,0.8315793,761,STAR
1.05e+19,9363,57742,49.23772,34.27512,31.73468,1345,24.81856,0.8202708,0.9025024,311,QSO
1.05e+19,9362,57801,417.0349,394.56,336.7545,2076,234.7034,0.6044934,0.6842765,949,STAR
1.05e+19,9363,57742,116.8277,112.6143,98.61633,1402,69.4423,0.5846849,0.7071908,547,STAR
1.05e+19,9366,57746,78.85842,76.85661,69.22378,1345,49.85796,0.5864146,0.7819315,322,STAR
1.05e+19,9369,58054,44.64991,43.22218,36.3182,1350,35.79409,0.6041259,0.756561,264,QSO
1.05e+19,9361,58055,372.4124,357.6637,320.3029,2243,232.7507,0.6551226,0.7976785,866,STAR
1.05e+19,9362,57801,335.8521,371.6575,211.7162,2076,205.2793,0.8292115,0.7832158,772,QSO
1.05e+19,9368,57817,73.68044,75.39211,67.9274,1345,50.11261,0.572172,0.7259228,480,STAR
1.05e+19,9368,57817,94.30364,90.07095,81.68161,1345,60.99665,0.595551,0.7155641,438,STAR
1.05e+19,9368,57817,75.04389,73.48512,65.71145,1331,48.84706,0.5965186,0.7425202,664,STAR
1.05e+19,9356,57809,100.667,97.67097,86.22823,2137,64.03915,0.7182122,0.7876709,522,STAR
1.05e+19,9362,57801,278.4803,271.5273,246.0996,1345,190.4609,0.5641384,0.7334639,596,STAR
1.05e+19,9361,58055,71.74126,73.19312,65.30517,1889,49.46742,0.7015249,0.9007428,550,STAR
1.05e+19,9360,58055,214.1082,217.6927,137.8249,1889,72.20063,0.7434506,0.8655187,347,QSO
1.05e+19,9335,57713,32.74588,30.57353,29.0729,1010,27.16264,1.027912,1.027984,683,QSO
1.05e+19,9329,57688,214.3752,203.3158,180.1577,1010,135.1208,1.027139,1.050063,125,STAR
1.05e+19,9329,57688,48.97529,36.60821,32.98875,1010,29.26286,0.9825243,1.120707,43,QSO
1.05e+19,9366,57746,33.09271,32.35197,25.64214,1345,24.12082,0.609507,0.7993934,884,QSO
1.05e+19,9363,57742,218.2042,218.4704,194.5394,1345,143.9214,0.6075292,0.7998707,870,STAR
1.05e+19,9368,57817,15.77113,17.09245,21.82924,2076,25.94767,0.633368,0.736114,380,STAR
1.05e+19,9366,57746,164.1077,160.8136,143.1433,1331,100.3181,0.5466506,0.6724448,10,STAR
1.05e+19,9363,57742,26.87027,23.35112,24.72703,1350,18.34278,0.7384208,0.7257113,738,QSO
1.05e+19,9366,57746,159.4227,149.2678,134.0675,1350,98.33613,0.6369107,0.7761902,571,STAR
1.05e+19,9362,57801,91.35094,88.08894,74.3273,1889,51.40206,0.7223828,0.8241076,811,STAR
1.05e+19,9362,57801,157.9976,149.6534,105.3645,1889,86.65987,0.864181,0.8362181,818,QSO
1.05e+19,9354,57806,152.1833,141.5684,116.5302,1889,76.31565,0.7315177,0.7904854,584,STAR
1.05e+19,9357,57807,25.44383,36.39246,46.78394,1889,59.22168,0.617285,0.7806843,186,STAR
1.05e+19,9357,57807,115.0033,110.1591,94.0315,2076,62.73952,0.6172541,0.7324423,361,STAR
1.05e+19,9362,57801,141.9115,135.7427,120.1094,1345,84.14764,0.6501567,0.6912645,556,STAR
1.05e+19,9363,57742,22.44378,21.96713,17.99373,1331,18.6334,0.5544954,0.6802011,964,QSO
1.05e+19,9366,57746,203.8859,193.6566,165.9142,1331,114.0455,0.57911,0.6991854,44,STAR
1.05e+19,9369,58054,122.4475,116.4373,104.0245,1345,73.84288,0.6286039,0.784318,114,STAR
1.05e+19,9354,57806,91.78963,93.90823,86.2282,1889,62.17339,0.6508242,0.7656086,390,STAR
1.05e+19,9361,58055,125.8211,125.5456,118.2001,2243,94.73523,0.6918132,0.7455461,638,STAR
1.05e+19,9356,57809,177.9943,170.9646,151.2012,2131,109.8353,0.6692894,0.7298535,798,STAR
1.05e+19,9360,58055,76.29933,75.74198,67.45068,2131,49.59547,0.6434343,0.700949,321,STAR
1.05e+19,9354,57806,115.0138,104.6869,92.16026,2131,66.91303,0.7666646,0.8269328,343,STAR
1.05e+19,9362,57801,31.16846,30.34254,27.22362,1331,20.3361,0.5496871,0.6563293,602,QSO
1.05e+19,9362,57801,48.8712,42.93019,42.8075,1331,31.47485,0.5791984,0.6703181,486,QSO
1.05e+19,9363,57742,30.79908,27.40203,22.75902,1350,21.40785,0.6952605,0.7403117,538,QSO
1.05e+19,9363,57742,81.59457,75.98726,65.94656,1350,49.07486,0.6172618,0.7162063,534,STAR
1.05e+19,9369,58054,17.62619,18.76685,18.91863,1402,16.01013,0.6031371,0.6651729,310,QSO
1.05e+19,9360,58055,43.04233,52.10018,65.63703,1889,83.06431,0.7079565,0.8619162,685,STAR
1.05e+19,9357,57807,15.05768,19.51404,25.58458,1889,31.11584,0.6384601,0.8691958,672,STAR
1.05e+19,9362,57801,249.9818,239.6802,213.8692,2076,156.994,0.6915352,0.7796043,322,STAR
1.05e+19,9368,57817,18.37129,54.10331,42.05527,2076,29.45427,0.6282531,1.023766,885,QSO
1.05e+19,9357,57807,86.31,84.86392,75.79923,1889,57.05373,0.6894202,0.795559,893,STAR
1.05e+19,9363,57742,39.14351,43.10368,48.32623,1331,38.37208,0.5851833,0.7027575,254,STAR
1.05e+19,9363,57742,92.34298,90.99858,85.37833,1345,65.73936,0.6142379,0.8071148,334,STAR
1.05e+19,9363,57742,47.22918,41.38115,37.92691,1345,30.38914,0.5886163,0.77783,298,QSO
1.05e+19,9368,57817,228.6827,217.5691,189.1225,1889,137.9533,0.6973822,0.7743356,242,STAR
1.05e+19,9363,57742,217.3012,215.6328,194.2327,1331,147.1069,0.5779289,0.688397,295,STAR
1.05e+19,9363,57742,25.78411,25.4072,19.16391,1331,18.23062,0.5585036,0.6733413,289,QSO
1.05e+19,9366,57746,83.66675,84.18251,76.04361,1331,56.77676,0.5477045,0.7674146,99,STAR
1.05e+19,9363,57742,104.0757,99.41296,86.33773,1331,59.80007,0.5854167,0.6490037,954,STAR
1.05e+19,9357,57807,134.6782,129.4145,115.3239,2076,85.76431,0.6430014,0.8434643,997,STAR
1.05e+19,9362,57801,22.72784,20.1384,18.67944,1345,17.56922,0.562101,0.7295679,425,QSO
1.05e+19,9368,57817,75.01138,76.31745,69.27715,2076,53.28188,0.6006449,0.7024282,22,STAR
1.05e+19,9356,57809,57.33776,49.53265,40.16645,2076,29.61938,0.6179678,0.6889244,501,QSO
1.05e+19,9362,57801,79.46323,79.57655,69.89732,1345,50.7462,0.5650399,0.7116165,424,STAR
1.05e+19,9370,58056,25.98118,24.96363,24.53415,109,19.46483,0.7905059,0.7093993,271,QSO
1.05e+19,9363,57742,389.0908,374.4313,331.1755,1345,245.9531,0.5960521,0.826682,775,STAR
1.05e+19,9366,57746,188.6099,177.4948,153.0743,1345,107.8597,0.6411006,0.7808503,892,STAR
1.05e+19,9364,57699,239.4277,231.1578,208.6529,1350,158.5045,0.62765,0.7636977,518,STAR
1.05e+19,9363,57742,80.70964,74.79894,64.05434,1350,47.08747,0.6279243,0.7098429,540,STAR
1.05e+19,9357,57807,13.09152,18.36415,23.74223,1889,32.00013,0.5832307,0.7880282,300,STAR
1.05e+19,9369,58054,108.6384,104.079,92.54682,1350,71.84304,0.6314498,0.7255883,645,STAR
1.05e+19,9368,57817,233.6923,222.2956,198.8047,1889,148.7081,0.6711316,0.8269333,172,STAR
1.05e+19,9363,57742,21.19337,19.79659,18.60868,1345,17.07767,0.6804324,0.7750225,260,QSO
1.05e+19,9368,57817,167.5634,169.0871,153.9583,2076,115.0521,0.7312206,0.7996401,892,STAR
1.05e+19,9356,57809,170.804,163.9656,145.7094,2137,110.4665,0.6224145,0.7316847,271,STAR
1.05e+19,9356,57809,13.19356,16.31897,20.93108,2137,25.85377,0.5908118,0.7596021,275,STAR
1.05e+19,9356,57809,139.416,137.4752,123.5641,2137,95.33334,0.6125308,0.7426257,818,STAR
1.04e+19,9222,57680,127.1323,139.7546,117.0124,1755,86.87527,0.5966379,0.7355609,431,STAR
1.04e+19,9210,57656,98.60105,99.5648,90.69765,1755,69.36253,0.609674,0.7803707,423,STAR
1.04e+19,9219,57923,34.48809,32.33739,30.06612,1755,24.79741,0.6408817,0.6395304,874,QSO
1.04e+19,9226,57684,94.24951,94.92666,83.50736,1755,58.79165,0.6894181,0.7737229,456,STAR
1.03e+19,9180,57693,65.57655,42.9451,42.13397,1755,37.43079,0.7574899,0.7788125,90,QSO
1.03e+19,9145,58041,195.9253,185.1231,163.697,1755,112.7852,0.5971503,0.7136507,936,STAR
1.03e+19,9180,57693,31.5673,26.24804,23.67796,1755,16.61056,0.7235899,0.8151156,182,QSO
1.03e+19,9157,57742,34.76637,27.83189,24.49632,1755,19.68244,0.7270712,0.7892846,439,QSO
9.62e+18,8542,57933,77.57969,78.02077,76.54221,1345,66.61921,0.5663381,0.6423814,792,STAR
9.62e+18,8543,57542,20.66125,20.14021,21.54359,1345,22.65386,0.5699825,0.6597086,336,QSO
9.62e+18,8540,58287,123.0567,120.9679,106.3811,1453,77.13451,0.6000362,0.7032312,844,STAR
9.62e+18,8541,58257,118.2605,113.339,102.5979,1453,77.75255,0.6121728,0.7265691,46,STAR
9.62e+18,8542,57933,93.41747,89.73477,82.74482,1453,62.96521,0.6233294,0.819437,39,STAR
9.62e+18,8543,57542,35.44683,32.4341,37.4589,1345,38.14193,0.5398433,0.6023384,536,QSO
9.62e+18,8540,58287,86.48978,82.56132,72.07079,1345,52.21566,0.5667785,0.6260144,250,STAR
9.62e+18,8542,57933,78.44185,77.01167,69.80173,1345,51.77626,0.554045,0.6120242,582,STAR
9.62e+18,8541,58257,96.79689,89.42702,76.48804,1453,52.80978,0.6743873,0.854758,875,STAR
9.62e+18,8542,57933,133.9751,126.3349,115.79,1345,88.91594,0.5247344,0.6066689,696,STAR
9.62e+18,8540,58287,36.65176,39.38313,38.64009,1345,41.60767,0.5813335,0.6432747,255,QSO
9.62e+18,8542,57933,26.66413,27.16261,26.34342,1345,20.83872,0.5785838,0.675335,577,QSO
9.62e+18,8541,58257,136.3063,131.4798,121.0179,1453,96.60303,0.6803718,0.7173902,649,STAR
9.62e+18,8540,58287,117.3853,120.8274,111.6989,1345,86.53608,0.5209647,0.5958427,338,STAR
9.62e+18,8543,57542,35.12344,34.90301,34.082,1345,25.97605,0.5981864,0.6589761,674,QSO
9.62e+18,8541,58257,135.4655,131.925,121.5585,1453,96.15009,0.5659851,0.6752049,258,STAR
9.62e+18,8542,57933,176.5276,176.1519,161.542,1453,127.3803,0.6208045,0.7575074,956,STAR
9.62e+18,8540,58287,69.08798,65.90227,62.22302,1453,49.45655,0.6096258,0.7742424,618,STAR
9.62e+18,8543,57542,134.1205,133.3782,119.8413,1453,95.91302,0.5653885,0.6256465,952,STAR
9.62e+18,8542,57933,128.4122,127.5628,116.4751,1345,94.51955,0.5368453,0.6297781,238,STAR
9.62e+18,8543,57542,72.59006,71.64797,63.59169,1453,46.96805,0.5145943,0.717601,701,STAR
9.62e+18,8543,57542,75.73581,73.60846,67.92334,1345,53.32042,0.6310313,0.7039245,672,STAR
9.62e+18,8541,58257,240.5814,229.9375,207.7219,1453,160.8295,0.6240185,0.7757838,775,STAR
9.62e+18,8541,58257,342.8586,338.9262,309.6754,1453,236.684,0.5861987,0.741323,212,STAR
9.62e+18,8541,58257,87.59493,86.5604,79.07336,1345,63.03159,0.6098195,0.713677,488,STAR
9.62e+18,8540,58287,16.29154,18.04702,15.24241,1453,15.38926,0.5664619,0.7500879,775,QSO
9.62e+18,8543,57542,47.81645,51.20635,45.12854,1345,46.54922,0.5399398,0.6456201,202,QSO
9.62e+18,8541,58257,261.9633,258.6903,235.8391,1345,179.7438,0.5980521,0.6751134,520,STAR
9.62e+18,8542,57933,87.86767,85.06149,77.51929,1345,61.29476,0.5747017,0.5949593,549,STAR
9.62e+18,8543,57542,164.6274,138.8082,103.5762,1453,67.48309,0.8912488,0.7843192,855,QSO
9.62e+18,8542,57933,123.0772,126.3912,115.9176,1345,90.41827,0.6062857,0.685985,922,STAR
9.62e+18,8543,57542,200.1469,142.051,134.7953,1453,88.20168,0.6417921,0.7451853,114,QSO
9.62e+18,8540,58287,141.4945,139.0431,131.2621,2207,109.783,0.6301209,0.7336227,663,STAR
9.62e+18,8543,57542,75.50131,77.16857,71.35481,1453,54.64198,0.5991327,0.8255134,97,STAR
9.62e+18,8541,58257,36.46394,29.5744,32.75512,1453,25.07652,0.6556358,0.7168879,194,QSO
9.62e+18,8540,58287,104.1229,101.0399,87.92921,1453,62.5969,0.6327481,0.756227,982,STAR
9.62e+18,8544,58281,107.7795,98.35761,86.66155,2207,64.08987,0.6308048,0.7777972,446,STAR
9.62e+18,8543,57542,20.75435,18.94292,18.90948,1345,14.82995,0.5983872,0.6227121,386,QSO
9.62e+18,8540,58287,204.8776,202.0542,182.5376,1345,135.3807,0.5667526,0.6212779,298,STAR
9.62e+18,8540,58287,102.5013,96.48486,87.48596,1345,66.75213,0.5553939,0.690831,572,STAR
9.62e+18,8542,57933,101.6855,105.494,109.3035,1345,110.4936,0.5845049,0.664013,788,STAR
9.62e+18,8541,58257,66.57233,48.68949,39.41827,1453,23.70899,1.228072,1.005224,297,QSO
9.62e+18,8540,58287,85.09089,75.8235,67.02151,1453,47.30009,0.6435889,0.6999632,776,STAR
9.62e+18,8543,57542,102.1865,99.66154,91.67551,1345,72.58539,0.59562,0.707929,93,STAR
9.62e+18,8540,58287,71.49373,68.86181,62.94389,1453,49.32095,0.6337743,0.7857121,974,STAR
9.62e+18,8542,57933,44.52043,37.23297,35.174,1345,31.42613,0.6071137,0.6973371,918,QSO
9.62e+18,8541,58257,114.6345,116.3944,110.6258,1453,86.77921,0.5869717,0.6984847,252,STAR
9.62e+18,8540,58287,15.96572,15.41567,16.13066,1453,12.39826,0.64,0.7701765,76,QSO
9.62e+18,8542,57933,69.34103,62.58848,48.84821,2207,36.33588,0.7292362,0.8055995,748,QSO
9.62e+18,8543,57542,180.5883,177.7276,163.125,1345,124.4453,0.6086829,0.6382611,270,STAR
9.62e+18,8543,57542,76.7301,76.40093,71.96275,1345,58.52457,0.593737,0.6282443,176,STAR
9.62e+18,8541,58257,158.7332,157.3001,143.7298,1453,113.2325,0.5847387,0.7333255,267,STAR
9.62e+18,8541,58257,5.256884,5.076561,6.5801,1345,11.95838,0.7210789,0.6643496,404,STAR
9.62e+18,8540,58287,15.27845,17.7124,19.03528,1345,18.17557,0.5863689,0.7208208,270,STAR
9.62e+18,8542,57933,15.06876,19.77761,22.65328,2248,21.44478,0.6854395,0.7830836,765,STAR
9.62e+18,8542,57933,150.82,149.7868,137.2762,1345,109.5821,0.6329883,0.6466187,331,STAR
9.62e+18,8540,58287,85.52834,83.23982,79.78997,2248,66.95856,0.6388532,0.7443802,386,STAR
9.62e+18,8541,58257,238.1238,175.6098,117.4927,1453,52.0103,2.883456,1.057166,749,QSO
9.62e+18,8541,58257,67.7365,68.08585,63.18068,1345,50.69835,0.588607,0.6540244,448,STAR
9.62e+18,8542,57933,11.70355,15.26791,17.26024,2248,14.03345,0.6222057,0.9067059,61,QSO
9.62e+18,8540,58287,155.7193,155.4352,142.9361,1345,112.7283,0.542311,0.6052796,456,STAR
9.62e+18,8543,57542,69.16058,70.94519,64.19416,1345,49.21277,0.5489534,0.6516262,597,STAR
9.62e+18,8543,57542,67.10294,67.1813,61.57277,1345,47.94651,0.5703443,0.6083739,493,STAR
9.62e+18,8540,58287,68.92954,68.30724,61.95756,1453,50.79715,0.6307047,0.7545416,138,STAR
9.62e+18,8543,57542,94.0075,91.36848,83.48882,1345,65.75759,0.5452258,0.6065125,609,STAR
9.62e+18,8543,57542,100.7435,111.3709,106.1077,1345,110.7824,0.5776695,0.6584181,698,QSO
9.62e+18,8543,57542,373.0074,368.83,336.4412,1453,251.1944,0.5941403,0.6707773,1000,STAR
9.62e+18,8540,58287,239.1289,235.6364,218.5061,1345,170.8564,0.547269,0.6410642,544,STAR
9.62e+18,8540,58287,79.59358,55.59814,49.38696,1453,40.76375,0.7441404,0.7748597,33,QSO
9.62e+18,8540,58287,23.5266,18.57265,16.60151,1345,15.38846,0.5522749,0.618539,344,QSO
9.62e+18,8543,57542,98.72349,102.4783,93.03365,1345,72.66924,0.5363836,0.6228545,504,STAR
9.62e+18,8542,57933,259.7126,256.914,234.8842,1345,178.7503,0.5315723,0.6006755,264,STAR
9.62e+18,8540,58287,14.17993,13.41753,13.64477,2248,14.29069,0.6096686,0.9355935,528,QSO
9.62e+18,8543,57542,155.7785,149.9556,136.4837,1345,96.98305,0.5199147,0.6300116,393,STAR
9.62e+18,8543,57542,182.2211,180.0074,167.3562,1453,129.9336,0.5824387,0.6815512,24,STAR
9.62e+18,8543,57542,67.80342,69.65308,68.86237,1345,63.54044,0.5668411,0.6662731,170,STAR
9.62e+18,8542,57933,235.8858,235.2082,215.0422,1345,165.079,0.5853214,0.5993751,560,STAR
9.62e+18,8542,57933,77.11566,74.48862,66.05968,1345,48.34584,0.5630829,0.6226686,844,STAR
9.62e+18,8542,57933,108.502,84.16538,66.2834,2248,38.95565,1.012845,0.9006271,856,QSO
9.62e+18,8540,58287,19.22889,21.0255,15.87954,1345,17.82928,0.5587658,0.6172528,354,QSO
9.62e+18,8543,57542,117.4276,118.715,106.6814,2207,80.88432,0.6795601,0.7685248,630,STAR
9.62e+18,8542,57933,191.6181,184.6709,161.9055,2207,118.7447,0.697279,0.7900847,823,STAR
9.62e+18,8540,58287,220.1192,215.1447,196.7819,1345,152.1532,0.5585659,0.6241981,400,STAR
9.61e+18,8533,58017,97.14304,93.51593,84.86961,1453,64.08044,0.7075012,0.7965023,622,STAR
9.61e+18,8537,58014,119.3895,119.7091,109.9028,1345,83.90578,0.5072386,0.5938705,175,STAR
9.61e+18,8534,57905,24.78443,20.63547,19.96369,1345,18.48668,0.6615715,0.6719863,918,QSO
9.61e+18,8536,58015,160.6991,154.5174,137.1498,1453,95.57619,0.7008009,0.7677562,335,STAR
9.61e+18,8537,58014,39.57024,37.17774,32.1109,1345,32.55326,0.5554103,0.5988023,172,QSO
9.61e+18,8534,57905,27.08871,23.98333,21.31101,1345,23.15612,0.5980427,0.6190468,919,QSO
9.61e+18,8533,58017,77.75067,79.60448,71.45175,1453,58.44104,0.6336325,0.7260112,257,STAR
9.61e+18,8533,58017,143.0017,139.2963,125.3892,2207,94.79941,0.6042769,0.7097784,44,STAR
9.61e+18,8534,57905,252.9546,249.7592,228.3834,1345,173.1968,0.5694379,0.6159616,958,STAR
9.61e+18,8533,58017,52.54795,54.73837,49.09987,1453,39.51595,0.5999377,0.783618,182,STAR
9.61e+18,8533,58017,156.3279,154.1927,139.4479,1453,107.0551,0.7824919,0.8872947,913,STAR
9.61e+18,8537,58014,22.8218,21.2892,17.74173,1345,20.21147,0.6446255,0.6197062,736,QSO
9.61e+18,8533,58017,97.52546,96.69255,80.21291,1453,90.73051,0.7223867,0.8610936,338,QSO
9.61e+18,8539,58021,35.88645,38.49774,33.02003,1453,34.80233,0.597184,0.767167,323,QSO
9.61e+18,8536,58015,111.7387,109.0345,101.1737,1453,76.50903,0.6705985,0.8199342,410,STAR
9.61e+18,8539,58021,23.58217,22.48405,21.58755,1453,17.84301,0.7128174,0.7259493,568,QSO
9.61e+18,8539,58021,33.53043,33.2013,30.62649,1453,23.44537,0.6721513,0.7305092,521,QSO
9.61e+18,8539,58021,138.7234,138.4424,125.7168,1453,97.11911,0.6476397,0.7306185,450,STAR
9.61e+18,8537,58014,37.3401,36.51231,32.65652,1345,30.02921,0.5867695,0.5602198,564,QSO
9.61e+18,8531,57905,280.5486,277.0833,253.562,1345,190.0985,0.5302024,0.5927351,952,STAR
9.61e+18,8536,58015,162.0504,159.967,146.942,1453,110.5024,0.6621417,0.7319755,759,STAR
9.61e+18,8536,58015,94.11562,91.88888,83.57696,1453,64.53855,0.7213961,0.8288946,772,STAR
9.61e+18,8539,58021,174.7097,169.528,153.8618,1453,118.6548,0.7066706,0.80559,340,STAR
9.61e+18,8539,58021,26.50844,34.72915,34.59595,1453,27.39963,0.5701767,0.6207124,114,GALAXY
9.61e+18,8533,58017,156.4267,105.1923,91.99441,1453,63.44624,0.9370097,0.9659206,776,QSO
9.61e+18,8533,58017,16.11469,17.85709,19.72089,1453,17.27239,0.5287525,0.981644,346,QSO
9.61e+18,8534,57905,157.4362,152.3589,137.8968,1345,106.4385,0.589604,0.5800937,902,STAR
9.61e+18,8537,58014,200.8223,200.0019,182.5287,2248,142.0884,0.7087883,0.8642751,198,STAR
9.61e+18,8537,58014,35.70094,39.34935,33.92652,2248,27.83762,0.6780314,0.8903365,196,QSO
9.61e+18,8531,57905,27.14351,29.71536,28.4451,1345,22.9474,0.5672033,0.5961353,926,QSO
9.61e+18,8531,57905,145.4957,141.2667,126.4227,1345,95.61024,0.5979147,0.6051745,816,STAR
9.61e+18,8536,58015,58.15522,62.87487,61.25183,1453,55.92047,0.6947581,0.8429553,210,STAR
9.61e+18,8531,57905,24.77423,25.79012,23.4788,1345,24.24913,0.5585547,0.6093419,784,QSO
9.61e+18,8531,57905,70.16012,70.20958,64.47997,1345,51.60984,0.5817617,0.6701382,64,STAR
9.61e+18,8536,58015,273.3719,264.413,243.8003,1453,184.0903,0.7217274,0.8606043,208,STAR
9.61e+18,8537,58014,80.86639,78.58265,71.24282,2207,55.356,0.7051816,0.743917,2,STAR
9.61e+18,8533,58017,96.96182,91.89954,85.81532,1453,67.56753,0.7338579,0.8345426,588,STAR
9.61e+18,8531,57905,78.63635,66.75997,53.40141,1345,42.75998,0.5981224,0.6703753,158,QSO
9.61e+18,8536,58015,147.0562,141.4078,124.4026,1453,90.24254,0.6498353,0.7592871,114,GALAXY
9.61e+18,8537,58014,26.37781,25.739,21.40059,2248,21.53477,0.6245526,0.7688689,629,QSO
9.61e+18,8533,58017,109.2192,99.92666,91.63139,1453,68.82616,0.7709566,0.9252986,804,STAR
9.61e+18,8531,57905,303.5348,304.8936,281.4618,1345,216.9601,0.5531759,0.6114572,846,STAR
9.61e+18,8536,58015,71.13166,70.62186,64.78787,1453,51.49119,0.6580366,0.8003218,593,STAR
9.61e+18,8539,58021,171.306,170.902,154.2879,1453,118.8046,0.6332996,0.7935992,616,STAR
9.61e+18,8539,58021,86.3215,83.06025,72.58161,1453,52.3588,0.6310575,0.7703133,617,STAR
9.61e+18,8536,58015,86.04728,89.2472,95.76609,1453,77.24588,0.7546008,0.8729919,180,QSO
9.61e+18,8536,58015,337.9277,321.1242,231.3381,1453,176.9882,1.185945,0.8738178,195,QSO
9.61e+18,8537,58014,20.0853,16.93977,14.78381,1345,14.65301,0.5505242,0.6179163,627,QSO
9.61e+18,8539,58021,67.84567,68.05552,62.27291,1453,48.68447,0.6335967,0.6914417,516,STAR
9.6e+18,8530,58016,51.74424,67.38764,84.49906,1453,105.6407,0.609589,0.6948538,890,STAR
9.6e+18,8530,58016,86.14954,86.30416,76.98088,1453,62.51111,0.5968212,0.7433948,958,STAR
9.6e+18,8529,58013,89.33714,88.8689,79.16094,2207,59.24491,0.7420485,0.667466,20,STAR
9.6e+18,8529,58013,89.41896,87.13793,81.99641,1345,65.05555,0.5112435,0.6069492,904,STAR
9.6e+18,8530,58016,166.8319,167.2556,150.3711,1453,116.1939,0.6397678,0.7959176,708,STAR
9.6e+18,8530,58016,52.48576,66.37294,88.97242,2207,135.4932,0.6106613,0.696447,933,STAR
9.6e+18,8530,58016,214.8171,119.9928,126.3394,2207,125.1764,0.7213235,0.7423288,316,QSO
9.6e+18,8530,58016,374.0445,377.6031,350.9834,2207,285.3762,0.6362863,0.7341538,762,STAR
9.6e+18,8530,58016,73.91997,72.5602,66.05296,2207,49.34565,0.5958084,0.6937577,978,STAR
9.6e+18,8530,58016,62.39006,52.93514,43.65619,2207,34.74674,0.710616,0.7647473,772,QSO
9.5e+18,8437,57894,121.3055,124.636,113.7914,1345,90.15664,0.5936548,0.7282487,901,STAR
9.49e+18,8425,58226,41.49044,36.99783,37.1363,2206,34.77449,0.7293867,0.8289489,103,QSO
9.49e+18,8425,58226,240.6284,234.6764,215.4921,1412,160.2219,0.5752565,0.7434049,388,STAR
9.49e+18,8425,58226,75.38088,75.98016,66.48939,1412,49.07901,0.5556452,0.6769468,54,STAR
9.49e+18,8425,58226,100.0026,94.93542,85.87954,2206,62.74208,0.7558739,0.8019425,164,STAR
9.49e+18,8425,58226,32.36616,32.4767,25.40479,2206,25.34195,0.7130989,0.7438009,526,QSO
9.49e+18,8425,58226,12.38803,17.2014,20.75918,2206,25.19166,0.6817929,0.8385563,578,STAR
9.49e+18,8425,58226,79.59919,78.66142,71.16662,1412,54.17254,0.5610235,0.8452171,557,STAR
9.49e+18,8425,58226,234.573,235.204,217.8252,1412,173.8292,0.5764626,0.6915759,88,STAR
9.49e+18,8425,58226,150.6712,142.0564,124.81,1412,88.87292,0.5902721,0.7291549,25,STAR
9.49e+18,8425,58226,75.93401,75.39857,68.74436,1345,51.51851,0.5528375,0.7051046,444,STAR
9.49e+18,8425,58226,74.8634,75.20336,69.26379,1345,56.04983,0.6273946,0.7226076,370,STAR
9.49e+18,8425,58226,57.37793,51.70557,46.36335,1412,34.18388,0.5972714,0.7033332,64,STAR
9.49e+18,8425,58226,77.79482,75.21198,67.79807,1412,51.51396,0.6367396,0.7860878,502,STAR
9.49e+18,8425,58226,222.2633,216.1369,192.6739,1412,137.5528,0.5789511,0.6655625,779,STAR
9.49e+18,8425,58226,111.225,110.2549,101.2161,1412,75.26469,0.6642604,0.7349682,947,STAR
9.48e+18,8421,58223,58.74652,54.60912,36.44172,1345,26.27834,0.6726441,0.6848184,945,QSO
9.48e+18,8417,58175,259.3935,247.5791,218.9716,1345,153.8462,0.6375438,0.7259176,990,STAR
9.48e+18,8421,58223,161.4042,164.0974,152.4201,1345,117.5527,0.6337942,0.6584604,954,STAR
9.48e+18,8421,58223,14.49932,17.0263,18.74068,1345,15.88965,0.6622862,0.6808089,647,QSO
9.48e+18,8421,58223,43.42809,29.91404,25.69689,1345,18.94564,0.9104602,0.7345358,742,QSO
9.48e+18,8419,58249,221.9024,224.2105,207.9456,1345,169.7882,0.6434156,0.7216468,60,STAR
9.48e+18,8419,58249,155.1074,155.3298,141.5359,1412,104.7075,0.5627548,0.7137567,942,STAR
9.48e+18,8417,58175,130.4411,127.4625,116.6597,1345,89.58109,0.6524424,0.7235216,865,STAR
9.48e+18,8420,58197,8.790686,7.754373,6.642116,1345,26.99259,0.2841854,0.571596,746,STAR
9.48e+18,8417,58175,202.9599,131.544,140.5638,2078,125.9977,0.9074411,0.9898852,420,QSO
9.48e+18,8418,58199,136.6986,128.3831,115.2317,1412,86.58847,0.6519279,0.7943809,170,STAR
9.48e+18,8417,58175,101.7479,97.31191,86.20194,1412,63.00093,0.6253846,0.761084,950,STAR
9.48e+18,8420,58197,51.53882,51.13386,41.12574,2078,40.24823,0.7276753,0.8677853,837,QSO
9.48e+18,8416,57894,109.4884,109.8781,100.2043,1345,78.13219,0.6264631,0.7367023,548,STAR
9.48e+18,8419,58249,101.7084,100.7651,93.23118,1345,75.15613,0.6269849,0.7178102,50,STAR
9.48e+18,8419,58249,185.6686,175.4756,152.5186,1412,104.383,0.5658913,0.6975634,874,STAR
9.48e+18,8418,58199,106.0615,100.8992,89.37531,2206,64.60995,0.700535,0.9139747,353,STAR
9.48e+18,8417,58175,207.0471,200.8834,181.7416,2078,134.058,0.8922654,1.102474,792,STAR
9.48e+18,8417,58175,64.57458,66.69887,61.15526,1345,48.7756,0.7273323,0.6330806,814,STAR
9.48e+18,8418,58199,209.2891,211.3469,193.4453,1412,148.8169,0.5793319,0.7121257,472,STAR
9.48e+18,8416,57894,166.284,166.3285,149.3995,2304,119.6895,0.7176592,0.9564614,452,STAR
9.48e+18,8419,58249,71.16947,66.57513,61.98988,2206,48.10096,0.8055052,0.8125467,41,STAR
9.48e+18,8419,58249,64.36437,72.86825,78.616,1412,80.2702,0.6350195,0.6948798,781,STAR
9.48e+18,8419,58249,19.69076,17.98761,15.4809,2206,15.96256,0.7668543,0.8608606,54,QSO
9.48e+18,8422,58219,225.1624,223.7515,206.4191,1345,159.7156,0.5569749,0.6532673,64,STAR
9.48e+18,8419,58249,193.1279,185.7474,168.0128,1345,125.2205,0.5708112,0.6609305,410,STAR
9.48e+18,8423,58198,189.6261,187.2967,176.2272,1345,139.3914,0.584814,0.6847376,480,STAR
9.48e+18,8420,58197,95.94219,98.13702,90.08952,1345,70.74647,0.6009297,0.6501305,946,STAR
9.48e+18,8417,58175,65.13757,65.01992,60.6902,1345,45.02709,0.5895112,0.660611,928,STAR
9.48e+18,8423,58198,111.2782,108.4941,99.78912,1345,76.38705,0.6605069,0.7306088,508,STAR
9.48e+18,8418,58199,29.4952,29.35693,27.19759,1412,19.54353,0.749939,0.7278996,222,QSO
9.48e+18,8416,57894,15.68507,18.46673,21.65277,1345,25.70466,0.7329063,0.8116697,546,STAR
9.48e+18,8417,58175,85.59636,82.5842,75.01359,2134,53.19587,0.6440502,0.7910524,138,STAR
9.48e+18,8423,58198,130.9109,134.5434,123.4993,2206,92.30413,0.7544904,0.7423916,574,STAR
9.48e+18,8419,58249,182.6361,180.5059,166.6871,2206,130.7967,0.7227187,0.8141059,629,STAR
9.48e+18,8417,58175,64.92296,68.05734,62.86462,1345,48.74956,0.523574,0.7098504,622,STAR
9.48e+18,8417,58175,102.4867,99.60435,91.94005,1345,72.64048,0.5834994,0.6735523,582,STAR
9.48e+18,8422,58219,109.9554,108.7555,98.31641,1345,74.88297,0.5763298,0.6665319,251,STAR
9.48e+18,8422,58219,79.37944,83.19898,74.41183,2206,56.80683,0.6682037,0.8227028,961,STAR
9.48e+18,8423,58198,19.03877,21.2726,21.28877,2206,16.37582,0.8042135,0.756852,586,QSO
9.48e+18,8418,58199,28.98174,37.36568,41.65933,2206,45.8065,0.5980475,0.8387648,511,STAR
9.48e+18,8417,58175,155.5891,148.6876,133.9717,1345,100.5058,0.6252532,0.6562442,188,STAR
9.48e+18,8421,58223,102.5276,102.7097,93.74604,1345,71.79256,0.6182222,0.6844992,550,STAR
9.48e+18,8421,58223,98.57144,93.50618,84.36341,1345,61.67941,0.6158606,0.6706446,900,STAR
9.48e+18,8422,58219,302.0046,298.686,272.6595,2206,213.2104,0.718679,0.8275009,958,STAR
9.48e+18,8419,58249,99.2906,99.03591,90.66029,2206,70.22433,0.7491194,0.8024915,808,STAR
9.48e+18,8422,58219,81.95355,88.05949,95.42307,1345,102.9858,0.6238465,0.6997765,369,STAR
9.48e+18,8420,58197,156.3223,160.161,148.1903,2078,120.3162,0.7302771,0.8875996,796,STAR
9.48e+18,8423,58198,87.8625,85.10336,79.48257,2206,61.45276,0.6910473,0.7313321,616,STAR
9.48e+18,8419,58249,192.2005,179.6663,154.2923,1345,96.94514,0.6205836,0.7011188,190,STAR
9.48e+18,8417,58175,252.0697,259.0038,249.0551,1345,207.5913,0.5715655,0.6800509,80,STAR
9.48e+18,8417,58175,93.06314,92.43529,83.38834,1345,62.13029,0.6225599,0.7205575,497,STAR
9.48e+18,8417,58175,93.9674,95.97933,87.40666,1345,68.81694,0.6250439,0.7185271,508,STAR
9.48e+18,8420,58197,104.3204,102.1467,92.07883,1345,72.20962,0.6436853,0.7027387,758,STAR
9.48e+18,8423,58198,209.7957,208.822,195.1104,1412,158.6189,0.6093553,0.7738789,662,STAR
9.48e+18,8422,58219,222.245,223.6846,207.1448,1345,161.3677,0.6849337,0.7468804,10,STAR
9.48e+18,8421,58223,150.9599,152.6998,137.4243,2078,104.7628,0.7618882,0.9137233,573,STAR
9.48e+18,8417,58175,24.31896,40.26345,48.84837,1345,58.70948,0.4437155,0.6487434,667,STAR
9.48e+18,8419,58249,398.9179,400.0771,369.6833,1412,305.126,0.5891783,0.7198818,758,STAR
9.48e+18,8419,58249,101.958,97.48122,89.05981,1412,66.03411,0.6459154,0.7620012,62,STAR
9.48e+18,8419,58249,125.3117,101.8036,86.76801,1412,80.76287,0.5982108,0.7298383,840,QSO
9.48e+18,8423,58198,338.7282,331.5067,301.5483,1345,223.191,0.6139184,0.6927835,529,STAR
9.48e+18,8422,58219,225.697,223.6142,207.0673,1345,160.9699,0.6375258,0.6996223,765,STAR
9.48e+18,8422,58219,394.5878,389.0352,353.2442,1345,262.7344,0.6196508,0.6907483,445,STAR
9.48e+18,8418,58199,40.58344,26.74057,26.43907,2206,23.41292,0.7869994,0.8761882,616,QSO
9.48e+18,8420,58197,144.1537,143.8769,131.2854,1345,104.1451,0.5785869,0.6733835,997,STAR
9.48e+18,8419,58249,158.9538,154.3894,135.3854,2248,98.57285,0.6872784,0.8835479,448,STAR
9.47e+18,8413,57897,307.905,313.7824,284.6465,1412,213.4637,0.6818668,0.7859475,795,STAR
9.47e+18,8412,58172,66.49214,67.73257,61.08811,1345,46.07124,0.6093316,0.7379802,583,STAR
9.47e+18,8415,57893,92.07778,93.57942,84.72672,1345,65.91452,0.6293488,0.6886867,865,STAR
9.47e+18,8414,57846,70.31611,69.45231,65.26026,1345,51.43411,0.5156042,0.6450626,159,STAR
9.47e+18,8413,57897,81.52864,83.47976,73.73013,1345,54.04837,0.6388232,0.7045456,441,STAR
9.47e+18,8414,57846,135.006,127.0662,116.2184,2248,93.54374,0.7464864,0.9711018,259,STAR
9.47e+18,8413,57897,393.51,392.4148,350.821,1412,257.7337,0.6489567,0.7679925,702,STAR
9.47e+18,8409,57867,97.583,100.9522,90.35541,2304,69.62283,0.8759691,1.066284,308,STAR
9.47e+18,8414,57846,214.0705,213.1557,196.1185,1345,154.8588,0.6356384,0.6860154,916,STAR
9.47e+18,8414,57846,325.8099,248.7556,177.5513,1345,84.16673,1.349287,1.36214,805,GALAXY
9.47e+18,8413,57897,373.0045,373.2829,336.4021,2206,269.5154,0.7989444,0.8764403,401,STAR
9.47e+18,8411,57875,37.99641,50.85769,66.74603,2304,85.84892,0.7077262,0.8355126,586,STAR
9.47e+18,8413,57897,124.8503,123.0278,113.2594,2206,93.01309,0.798311,0.8456774,456,STAR
9.47e+18,8413,57897,196.9072,194.8592,176.8887,1412,123.349,0.7176588,0.7998481,428,STAR
9.47e+18,8411,57875,77.69383,74.36155,68.36346,2304,52.74467,0.9255556,1.011269,138,STAR
9.47e+18,8413,57897,49.85156,40.1295,28.31537,2206,20.85313,0.7999921,0.8250615,409,QSO
9.47e+18,8412,58172,74.57642,69.72092,63.05467,2304,45.555,0.7543877,0.851985,322,STAR
9.47e+18,8413,57897,79.18253,78.81892,73.76715,2206,56.14482,0.6155623,0.8504697,886,GALAXY
9.47e+18,8410,57481,94.95861,92.01147,83.54986,1345,63.2934,0.5339063,0.6445721,958,STAR
9.47e+18,8410,57481,89.40462,83.2682,75.47231,1345,55.04905,0.6242805,0.6842589,57,STAR
9.47e+18,8412,58172,96.0972,92.20251,82.04861,1345,61.52383,0.6683519,0.7379923,833,STAR
9.47e+18,8412,58172,222.1203,222.7081,203.5854,1345,161.3235,0.6507715,0.6964198,702,STAR
9.47e+18,8414,57846,247.2719,242.498,220.4079,1345,162.9397,0.5987821,0.6886268,794,STAR
9.47e+18,8410,57481,298.2277,294.68,273.7257,1345,219.5007,0.6059897,0.6080781,868,STAR
9.47e+18,8414,57846,152.4293,152.6132,140.4025,1345,110.9068,0.6217626,0.7029272,498,STAR
9.47e+18,8414,57846,200.442,206.8681,199.9321,1345,170.4133,0.561035,0.6464875,845,STAR
9.47e+18,8413,57897,26.62828,27.82983,27.76353,1412,25.71727,0.6693648,0.8374562,344,STAR
9.47e+18,8414,57846,93.98084,92.66952,84.2854,1345,66.81343,0.5876179,0.6439751,296,STAR
9.47e+18,8413,57897,85.92387,81.84322,74.33763,2206,57.01652,0.7266141,0.8453571,706,STAR
9.47e+18,8414,57846,34.71581,35.10165,28.45973,1345,26.20172,0.5987131,0.705855,579,QSO
9.47e+18,8413,57897,189.1719,190.4121,177.0708,1412,140.1056,0.6307564,0.7259254,539,STAR
9.47e+18,8414,57846,283.0977,265.3482,223.325,2248,154.1319,0.7010984,0.8168491,126,STAR
9.47e+18,8413,57897,103.7091,100.5169,92.22496,1412,67.73447,0.6468228,0.8218435,370,STAR
9.47e+18,8410,57481,202.8056,204.2037,185.4118,1345,142.4293,0.6152596,0.6426248,715,STAR
9.47e+18,8410,57481,227.7326,223.1385,203.1399,1345,153.5395,0.6321067,0.6562604,764,STAR
9.47e+18,8413,57897,32.9879,27.67924,22.20625,1412,17.45072,0.6185228,0.8045763,468,QSO
9.47e+18,8410,57481,20.54328,18.57752,19.02562,1345,17.41452,0.6093189,0.6226283,894,QSO
9.47e+18,8414,57846,122.9704,113.2288,98.01183,1345,70.8737,0.6165417,0.69504,575,STAR
9.47e+18,8411,57875,237.5109,231.3855,212.5194,1345,166.2024,0.6470068,0.724493,951,STAR
9.47e+18,8411,57875,93.21619,91.6918,82.34454,1345,61.38282,0.6151959,0.6796397,943,STAR
9.47e+18,8412,58172,17.0492,22.22688,16.21785,1345,18.82511,0.543389,0.6934921,904,QSO
9.47e+18,8410,57481,84.39317,79.9007,71.46399,1345,52.30759,0.5804853,0.6366398,976,STAR
9.47e+18,8414,57846,33.36813,31.27988,24.34615,1345,25.77521,0.7983219,0.6844577,292,QSO
9.47e+18,8414,57846,90.4916,92.72123,93.85734,1345,86.73348,0.6281474,0.6551024,562,STAR
9.47e+18,8411,57875,89.06859,85.94635,79.77398,2304,59.70533,0.7197698,0.8450233,524,STAR
9.47e+18,8412,58172,82.06989,73.9651,67.61329,2078,52.53344,0.9213684,0.9261329,802,STAR
9.47e+18,8414,57846,139.2939,137.0918,125.0299,1345,97.98169,0.5612621,0.6364676,589,STAR
9.47e+18,8414,57846,19.12284,16.59048,11.63643,1345,11.56416,0.4985515,0.6375571,158,QSO
9.47e+18,8413,57897,25.00951,30.32907,26.20388,1412,24.85353,0.7020119,0.8838,420,QSO
9.47e+18,8411,57875,126.7556,124.2385,114.5058,2304,86.19382,0.7084339,0.8418313,589,STAR
9.47e+18,8412,58172,109.0064,108.1029,95.74344,2078,70.16471,0.908375,0.9908851,67,STAR
9.47e+18,8410,57481,52.18198,53.7065,54.10884,1345,50.16805,0.5292591,0.6370357,956,STAR
9.47e+18,8413,57897,159.8228,156.7455,142.79,2206,110.4943,0.7902235,1.017937,30,STAR
9.47e+18,8410,57481,82.85854,83.58766,76.62692,1345,60.54519,0.5383478,0.6650417,901,STAR
9.46e+18,8398,57870,276.7678,147.1655,56.03452,2304,38.92781,0.6919947,0.8410315,958,STAR
9.46e+18,8398,57870,85.89265,84.89067,79.85827,2304,63.64036,0.6844502,0.8780696,959,STAR
9.45e+18,8393,57864,345.9364,337.1712,294.1311,2304,210.5768,0.8808006,1.113049,896,STAR
9.45e+18,8393,57864,153.7209,147.207,136.1478,2304,108.346,0.9089881,1.031142,13,STAR
9.45e+18,8393,57864,203.0061,197.0797,175.9887,2304,126.1076,0.9287547,1.113802,850,STAR
9.45e+18,8393,57864,15.81441,0.0309995,-0.000192284,2304,7.425213,0.6188414,0.9260806,891,STAR
9.45e+18,8393,57864,155.1429,148.8701,133.8212,2304,97.78771,0.9226122,1.003083,504,STAR
9.35e+18,8305,57749,313.3026,312.2923,283.7418,1350,212.7836,0.6219431,0.7771534,289,STAR
